"PAG_NAME","ITM_NAME","CDL_NAME","CODE","DECODE","LAST_UPDATE"
"AE","AEFLUP","YN","0","No","2010-12-06 07:13:10.0"
"AE","AEFLUP","YN","1","Yes","2010-12-06 07:13:10.0"
"AE","AEOUTCOM","AEOUTCOM","1","recovered","2010-12-06 07:13:10.0"
"AE","AEOUTCOM","AEOUTCOM","2","under treatment / observation","2010-12-06 07:13:10.0"
"AE","AEOUTCOM","AEOUTCOM","3","change in AE characteristic","2010-12-06 07:13:10.0"
"AE","AEOUTCOM","AEOUTCOM","4","sequelae","2010-12-06 07:13:10.0"
"AE","AEOUTCOM","AEOUTCOM","5","fatal","2010-12-06 07:13:10.0"
"AE","AEOUTCOM","AEOUTCOM","6","unknown","2010-12-06 07:13:10.0"
"AE","AERELAT","AERELAT","1","unrelated","2010-12-06 07:13:10.0"
"AE","AERELAT","AERELAT","2","unlikely","2010-12-06 07:13:10.0"
"AE","AERELAT","AERELAT","3","possible","2010-12-06 07:13:10.0"
"AE","AERELAT","AERELAT","4","probable","2010-12-06 07:13:10.0"
"AE","AERELAT","AERELAT","5","definite","2010-12-06 07:13:10.0"
"AE","AESEVER","AESERV","1","mild","2010-12-06 07:13:10.0"
"AE","AESEVER","AESERV","2","moderate","2010-12-06 07:13:10.0"
"AE","AESEVER","AESERV","3","severe","2010-12-06 07:13:10.0"
"AE","PWDTAE","YES","Y","Yes","2010-12-06 07:13:10.0"
"AE","SAE","YN","0","No","2010-12-06 07:13:10.0"
"AE","SAE","YN","1","Yes","2010-12-06 07:13:10.0"
"AE","STARTEST","DATEEST","ACT","Actual date","2010-12-06 07:13:10.0"
"AE","STARTEST","DATEEST","DAY","Day estimated","2010-12-06 07:13:10.0"
"AE","STARTEST","DATEEST","MD","Month and Day estimated","2010-12-06 07:13:10.0"
"AE","STARTEST","DATEEST","MON","Month estimated","2010-12-06 07:13:10.0"
"AE","STOPEST","DATEEST","ACT","Actual date","2010-12-06 07:13:10.0"
"AE","STOPEST","DATEEST","DAY","Day estimated","2010-12-06 07:13:10.0"
"AE","STOPEST","DATEEST","MD","Month and Day estimated","2010-12-06 07:13:10.0"
"AE","STOPEST","DATEEST","MON","Month estimated","2010-12-06 07:13:10.0"
"CGINFO","CGREL","CGREL","1","Spouse","2010-12-06 07:13:10.0"
"CGINFO","CGREL","CGREL","2","Sibling","2010-12-06 07:13:10.0"
"CGINFO","CGREL","CGREL","3","Parent","2010-12-06 07:13:10.0"
"CGINFO","CGREL","CGREL","4","Child","2010-12-06 07:13:10.0"
"CGINFO","CGREL","CGREL","5","Friend","2010-12-06 07:13:10.0"
"CGINFO","CGREL","CGREL","6","Other","2010-12-06 07:13:10.0"
"CGINFO","CRGVPRES","YN","0","No","2010-12-06 07:13:10.0"
"CGINFO","CRGVPRES","YN","1","Yes","2010-12-06 07:13:10.0"
"CGINFO","CRGVSAME","YN","0","No","2010-12-06 07:13:10.0"
"CGINFO","CRGVSAME","YN","1","Yes","2010-12-06 07:13:10.0"
"CONCL","COMPLT","COMPLT","00","No","2010-12-06 07:13:10.0"
"CONCL","COMPLT","COMPLT","01","Yes","2010-12-06 07:13:10.0"
"CONCL","WDRSN","WDRSN","01","Adverse Event","2010-12-06 07:13:10.0"
"CONCL","WDRSN","WDRSN","02","Lost to follow-up","2010-12-06 07:13:10.0"
"CONCL","WDRSN","WDRSN","03","Subject withdrew consent","2010-12-06 07:13:10.0"
"CONCL","WDRSN","WDRSN","04","Pregnancy","2010-12-06 07:13:10.0"
"CONCL","WDRSN","WDRSN","05","Protocol violation","2010-12-06 07:13:10.0"
"CONCL","WDRSN","WDRSN","06","Death of subject","2010-12-06 07:13:10.0"
"CONCL","WDRSN","WDRSN","07","Investigator decision","2010-12-06 07:13:10.0"
"CONCL","WDRSN","WDRSN","09","Clinical Monitor decision","2010-12-06 07:13:10.0"
"CONCL","WDRSN","WDRSN","10","Sponsor decision","2010-12-06 07:13:10.0"
"CONCL","WDRSN","WDRSN","11","Primary Care Physician decision","2010-12-06 07:13:10.0"
"CONCL","WDRSN","WDRSN","12","Informant / Caregiver decision","2010-12-06 07:13:10.0"
"CONCL","WDRSN","WDRSN","13","Institutionalized","2010-12-06 07:13:10.0"
"CONCL","WDRSN","WDRSN","14","Inability to continue giving consent","2010-12-06 07:13:10.0"
"CONCL","WDRSN","WDRSN","15","Other (specify)","2010-12-06 07:13:10.0"
"CONMED","DISMED","YN","0","No","2010-12-06 07:13:10.0"
"CONMED","DISMED","YN","1","Yes","2010-12-06 07:13:10.0"
"CONMED","ONGOING","YN","0","No","2010-12-06 07:13:10.0"
"CONMED","ONGOING","YN","1","Yes","2010-12-06 07:13:10.0"
"CONMED","ROUTE","ROUTE","1","IV","2010-12-06 07:13:10.0"
"CONMED","ROUTE","ROUTE","2","IM","2010-12-06 07:13:10.0"
"CONMED","ROUTE","ROUTE","3","PO","2010-12-06 07:13:10.0"
"CONMED","ROUTE","ROUTE","4","SC","2010-12-06 07:13:10.0"
"CONMED","ROUTE","ROUTE","5","PR","2010-12-06 07:13:10.0"
"CONMED","ROUTE","ROUTE","6","Sublingual","2010-12-06 07:13:10.0"
"CONMED","ROUTE","ROUTE","7","Inhaled","2010-12-06 07:13:10.0"
"CONMED","ROUTE","ROUTE","8","Topical","2010-12-06 07:13:10.0"
"CONMED","ROUTE","ROUTE","9","Other","2010-12-06 07:13:10.0"
"CONMED","STARTEST","DATEEST","ACT","Actual date","2010-12-06 07:13:10.0"
"CONMED","STARTEST","DATEEST","DAY","Day estimated","2010-12-06 07:13:10.0"
"CONMED","STARTEST","DATEEST","MD","Month and Day estimated","2010-12-06 07:13:10.0"
"CONMED","STARTEST","DATEEST","MON","Month estimated","2010-12-06 07:13:10.0"
"CONMED","STOPEST","DATEEST","ACT","Actual date","2010-12-06 07:13:10.0"
"CONMED","STOPEST","DATEEST","DAY","Day estimated","2010-12-06 07:13:10.0"
"CONMED","STOPEST","DATEEST","MD","Month and Day estimated","2010-12-06 07:13:10.0"
"CONMED","STOPEST","DATEEST","MON","Month estimated","2010-12-06 07:13:10.0"
"CURRCOND","CONDCAT","CONCAT","1D","Dermatological","2010-12-06 07:13:10.0"
"CURRCOND","CONDCAT","CONCAT","1E","Ophthalmological","2010-12-06 07:13:10.0"
"CURRCOND","CONDCAT","CONCAT","1F","ENT","2010-12-06 07:13:10.0"
"CURRCOND","CONDCAT","CONCAT","1G","Pulmonary","2010-12-06 07:13:10.0"
"CURRCOND","CONDCAT","CONCAT","1H","Cardiovascular","2010-12-06 07:13:10.0"
"CURRCOND","CONDCAT","CONCAT","1I","Gastrointestinal","2010-12-06 07:13:10.0"
"CURRCOND","CONDCAT","CONCAT","1J","Hepatobiliary","2010-12-06 07:13:10.0"
"CURRCOND","CONDCAT","CONCAT","1K","Renal","2010-12-06 07:13:10.0"
"CURRCOND","CONDCAT","CONCAT","1L","Gynecological/Urologic","2010-12-06 07:13:10.0"
"CURRCOND","CONDCAT","CONCAT","1M","Musculoskeletal","2010-12-06 07:13:10.0"
"CURRCOND","CONDCAT","CONCAT","1N","Metabolic/Endocrine","2010-12-06 07:13:10.0"
"CURRCOND","CONDCAT","CONCAT","1O","Hemato/Lymphatic","2010-12-06 07:13:10.0"
"CURRCOND","CONDCAT","CONCAT","1P","Neurologic","2010-12-06 07:13:10.0"
"CURRCOND","CONDCAT","CONCAT","1Q","Psychiatric","2010-12-06 07:13:10.0"
"CURRCOND","CONDCAT","CONCAT","1R","Allergy/Immunologic","2010-12-06 07:13:10.0"
"CURRCOND","CONDCAT","CONCAT","1S","Other","2010-12-06 07:13:10.0"
"CURRCOND","DXYREST","DXYREST","ACT","Actual (ACT)","2010-12-06 07:13:10.0"
"CURRCOND","DXYREST","DXYREST","YEAR","Year Est (YEAR)","2010-12-06 07:13:10.0"
"CURRCOND","RESOLVD","YN","0","No","2010-12-06 07:13:10.0"
"CURRCOND","RESOLVD","YN","1","Yes","2010-12-06 07:13:10.0"
"DATSCAN","DATSCAN","CMPLT2","0","Not Completed","2010-12-06 07:13:10.0"
"DATSCAN","DATSCAN","CMPLT2","1","Completed","2010-12-06 07:13:10.0"
"DATSCAN","DATXFRYN","YN","0","No","2010-12-06 07:13:10.0"
"DATSCAN","DATXFRYN","YN","1","Yes","2010-12-06 07:13:10.0"
"DATSCAN","RSLTNGAE","YN","1","Yes","2011-02-20 00:30:13.0"
"DATSCAN","RSLTNGAE","YN","0","No","2011-02-20 00:30:13.0"
"DNA","BLDDNA","LAB","0","Not collected","2010-12-06 07:13:10.0"
"DNA","BLDDNA","LAB","1","Collected","2010-12-06 07:13:10.0"
"EPWORTH","PTCGBOTH","PTCGBOTH","1","Patient","2010-12-06 07:13:10.0"
"EPWORTH","PTCGBOTH","PTCGBOTH","2","Caregiver","2010-12-06 07:13:10.0"
"EPWORTH","PTCGBOTH","PTCGBOTH","3","Patient and Caregiver","2010-12-06 07:13:10.0"
"GENPHYEX","ABNORM","ABNORM","0","Normal","2010-12-06 07:13:10.0"
"GENPHYEX","ABNORM","ABNORM","1","Abnormal","2010-12-06 07:13:10.0"
"GENPHYEX","ABNORM","ABNORM","2","Not tested","2010-12-06 07:13:10.0"
"GENPHYEX","ABNORM","ABNORM","3","Unable to test","2010-12-06 07:13:10.0"
"INEX","ELIGIBIL","YN","0","No","2010-12-06 07:13:10.0"
"INEX","ELIGIBIL","YN","1","Yes","2010-12-06 07:13:10.0"
"INEX","INEX1","YN","0","No","2010-12-06 07:13:10.0"
"INEX","INEX1","YN","1","Yes","2010-12-06 07:13:10.0"
"INEX","INEX10","YN","0","No","2010-12-06 07:13:10.0"
"INEX","INEX10","YN","1","Yes","2010-12-06 07:13:10.0"
"INEX","INEX11","YN","0","No","2010-12-06 07:13:10.0"
"INEX","INEX11","YN","1","Yes","2010-12-06 07:13:10.0"
"INEX","INEX2","YN","0","No","2010-12-06 07:13:10.0"
"INEX","INEX2","YN","1","Yes","2010-12-06 07:13:10.0"
"INEX","INEX21","YN","0","No","2010-12-06 07:13:10.0"
"INEX","INEX21","YN","1","Yes","2010-12-06 07:13:10.0"
"INEX","INEX22","YN","0","No","2010-12-06 07:13:10.0"
"INEX","INEX22","YN","1","Yes","2010-12-06 07:13:10.0"
"INEX","INEX23","YN","0","No","2010-12-06 07:13:10.0"
"INEX","INEX23","YN","1","Yes","2010-12-06 07:13:10.0"
"INEX","INEX24","YN","0","No","2010-12-06 07:13:10.0"
"INEX","INEX24","YN","1","Yes","2010-12-06 07:13:10.0"
"INEX","INEX25","YN","0","No","2010-12-06 07:13:10.0"
"INEX","INEX25","YN","1","Yes","2010-12-06 07:13:10.0"
"INEX","INEX26","YN","0","No","2010-12-06 07:13:10.0"
"INEX","INEX26","YN","1","Yes","2010-12-06 07:13:10.0"
"INEX","INEX27","YN","0","No","2010-12-06 07:13:10.0"
"INEX","INEX27","YN","1","Yes","2010-12-06 07:13:10.0"
"INEX","INEX28","YN","0","No","2010-12-06 07:13:10.0"
"INEX","INEX28","YN","1","Yes","2010-12-06 07:13:10.0"
"INEX","INEX29","YN","0","No","2010-12-06 07:13:10.0"
"INEX","INEX29","YN","1","Yes","2010-12-06 07:13:10.0"
"INEX","INEX3","YN","0","No","2010-12-06 07:13:10.0"
"INEX","INEX3","YN","1","Yes","2010-12-06 07:13:10.0"
"INEX","INEX30","YN","0","No","2010-12-06 07:13:10.0"
"INEX","INEX30","YN","1","Yes","2010-12-06 07:13:10.0"
"INEX","INEX31","YN","0","No","2010-12-06 07:13:10.0"
"INEX","INEX31","YN","1","Yes","2010-12-06 07:13:10.0"
"INEX","INEX32","YN","0","No","2010-12-06 07:13:10.0"
"INEX","INEX32","YN","1","Yes","2010-12-06 07:13:10.0"
"INEX","INEX33","YN","0","No","2010-12-06 07:13:10.0"
"INEX","INEX33","YN","1","Yes","2010-12-06 07:13:10.0"
"INEX","INEX34","YN","0","No","2010-12-06 07:13:10.0"
"INEX","INEX34","YN","1","Yes","2010-12-06 07:13:10.0"
"INEX","INEX35","YN","0","No","2010-12-06 07:13:10.0"
"INEX","INEX35","YN","1","Yes","2010-12-06 07:13:10.0"
"INEX","INEX4","YN","0","No","2010-12-06 07:13:10.0"
"INEX","INEX4","YN","1","Yes","2010-12-06 07:13:10.0"
"INEX","INEX5","YN","0","No","2010-12-06 07:13:10.0"
"INEX","INEX5","YN","1","Yes","2010-12-06 07:13:10.0"
"INEX","INEX6","YN","0","No","2010-12-06 07:13:10.0"
"INEX","INEX6","YN","1","Yes","2010-12-06 07:13:10.0"
"INEX","INEX7","YN","0","No","2010-12-06 07:13:10.0"
"INEX","INEX7","YN","1","Yes","2010-12-06 07:13:10.0"
"INEX","INEX8","YN","0","No","2010-12-06 07:13:10.0"
"INEX","INEX8","YN","1","Yes","2010-12-06 07:13:10.0"
"INEX","INEX9","YN","0","No","2010-12-06 07:13:10.0"
"INEX","INEX9","YN","1","Yes","2010-12-06 07:13:10.0"
"LAB","BLDLAB","LAB","0","Not collected","2010-12-06 07:13:10.0"
"LAB","BLDLAB","LAB","1","Collected","2010-12-06 07:13:10.0"
"LAB","BLDPLAS","LAB","0","Not collected","2010-12-06 07:13:10.0"
"LAB","BLDPLAS","LAB","1","Collected","2010-12-06 07:13:10.0"
"LAB","BLDRNA","LAB","0","Not collected","2010-12-06 07:13:10.0"
"LAB","BLDRNA","LAB","1","Collected","2010-12-06 07:13:10.0"
"LAB","BLDSER","LAB","0","Not collected","2010-12-06 07:13:10.0"
"LAB","BLDSER","LAB","1","Collected","2010-12-06 07:13:10.0"
"LAB","PDMEDYN","YN","0","No","2010-12-06 07:13:10.0"
"LAB","PDMEDYN","YN","1","Yes","2010-12-06 07:13:10.0"
"LAB","UASPEC","LAB","0","Not collected","2010-12-06 07:13:10.0"
"LAB","UASPEC","LAB","1","Collected","2010-12-06 07:13:10.0"
"LINEORNT","BJLOT1","CORRECT","0","Incorrect","2010-12-06 07:13:10.0"
"LINEORNT","BJLOT1","CORRECT","1","Correct","2010-12-06 07:13:10.0"
"LINEORNT","BJLOT10","CORRECT","0","Incorrect","2010-12-06 07:13:10.0"
"LINEORNT","BJLOT10","CORRECT","1","Correct","2010-12-06 07:13:10.0"
"LINEORNT","BJLOT11","CORRECT","0","Incorrect","2010-12-06 07:13:10.0"
"LINEORNT","BJLOT11","CORRECT","1","Correct","2010-12-06 07:13:10.0"
"LINEORNT","BJLOT12","CORRECT","0","Incorrect","2010-12-06 07:13:10.0"
"LINEORNT","BJLOT12","CORRECT","1","Correct","2010-12-06 07:13:10.0"
"LINEORNT","BJLOT13","CORRECT","0","Incorrect","2010-12-06 07:13:10.0"
"LINEORNT","BJLOT13","CORRECT","1","Correct","2010-12-06 07:13:10.0"
"LINEORNT","BJLOT14","CORRECT","0","Incorrect","2010-12-06 07:13:10.0"
"LINEORNT","BJLOT14","CORRECT","1","Correct","2010-12-06 07:13:10.0"
"LINEORNT","BJLOT15","CORRECT","0","Incorrect","2010-12-06 07:13:10.0"
"LINEORNT","BJLOT15","CORRECT","1","Correct","2010-12-06 07:13:10.0"
"LINEORNT","BJLOT16","CORRECT","0","Incorrect","2010-12-06 07:13:10.0"
"LINEORNT","BJLOT16","CORRECT","1","Correct","2010-12-06 07:13:10.0"
"LINEORNT","BJLOT17","CORRECT","0","Incorrect","2010-12-06 07:13:10.0"
"LINEORNT","BJLOT17","CORRECT","1","Correct","2010-12-06 07:13:10.0"
"LINEORNT","BJLOT18","CORRECT","0","Incorrect","2010-12-06 07:13:10.0"
"LINEORNT","BJLOT18","CORRECT","1","Correct","2010-12-06 07:13:10.0"
"LINEORNT","BJLOT19","CORRECT","0","Incorrect","2010-12-06 07:13:10.0"
"LINEORNT","BJLOT19","CORRECT","1","Correct","2010-12-06 07:13:10.0"
"LINEORNT","BJLOT2","CORRECT","0","Incorrect","2010-12-06 07:13:10.0"
"LINEORNT","BJLOT2","CORRECT","1","Correct","2010-12-06 07:13:10.0"
"LINEORNT","BJLOT20","CORRECT","0","Incorrect","2010-12-06 07:13:10.0"
"LINEORNT","BJLOT20","CORRECT","1","Correct","2010-12-06 07:13:10.0"
"LINEORNT","BJLOT21","CORRECT","0","Incorrect","2010-12-06 07:13:10.0"
"LINEORNT","BJLOT21","CORRECT","1","Correct","2010-12-06 07:13:10.0"
"LINEORNT","BJLOT22","CORRECT","0","Incorrect","2010-12-06 07:13:10.0"
"LINEORNT","BJLOT22","CORRECT","1","Correct","2010-12-06 07:13:10.0"
"LINEORNT","BJLOT23","CORRECT","0","Incorrect","2010-12-06 07:13:10.0"
"LINEORNT","BJLOT23","CORRECT","1","Correct","2010-12-06 07:13:10.0"
"LINEORNT","BJLOT24","CORRECT","0","Incorrect","2010-12-06 07:13:10.0"
"LINEORNT","BJLOT24","CORRECT","1","Correct","2010-12-06 07:13:10.0"
"LINEORNT","BJLOT25","CORRECT","0","Incorrect","2010-12-06 07:13:10.0"
"LINEORNT","BJLOT25","CORRECT","1","Correct","2010-12-06 07:13:10.0"
"LINEORNT","BJLOT26","CORRECT","0","Incorrect","2010-12-06 07:13:10.0"
"LINEORNT","BJLOT26","CORRECT","1","Correct","2010-12-06 07:13:10.0"
"LINEORNT","BJLOT27","CORRECT","0","Incorrect","2010-12-06 07:13:10.0"
"LINEORNT","BJLOT27","CORRECT","1","Correct","2010-12-06 07:13:10.0"
"LINEORNT","BJLOT28","CORRECT","0","Incorrect","2010-12-06 07:13:10.0"
"LINEORNT","BJLOT28","CORRECT","1","Correct","2010-12-06 07:13:10.0"
"LINEORNT","BJLOT29","CORRECT","0","Incorrect","2010-12-06 07:13:10.0"
"LINEORNT","BJLOT29","CORRECT","1","Correct","2010-12-06 07:13:10.0"
"LINEORNT","BJLOT3","CORRECT","0","Incorrect","2010-12-06 07:13:10.0"
"LINEORNT","BJLOT3","CORRECT","1","Correct","2010-12-06 07:13:10.0"
"LINEORNT","BJLOT30","CORRECT","0","Incorrect","2010-12-06 07:13:10.0"
"LINEORNT","BJLOT30","CORRECT","1","Correct","2010-12-06 07:13:10.0"
"LINEORNT","BJLOT4","CORRECT","0","Incorrect","2010-12-06 07:13:10.0"
"LINEORNT","BJLOT4","CORRECT","1","Correct","2010-12-06 07:13:10.0"
"LINEORNT","BJLOT5","CORRECT","0","Incorrect","2010-12-06 07:13:10.0"
"LINEORNT","BJLOT5","CORRECT","1","Correct","2010-12-06 07:13:10.0"
"LINEORNT","BJLOT6","CORRECT","0","Incorrect","2010-12-06 07:13:10.0"
"LINEORNT","BJLOT6","CORRECT","1","Correct","2010-12-06 07:13:10.0"
"LINEORNT","BJLOT7","CORRECT","0","Incorrect","2010-12-06 07:13:10.0"
"LINEORNT","BJLOT7","CORRECT","1","Correct","2010-12-06 07:13:10.0"
"LINEORNT","BJLOT8","CORRECT","0","Incorrect","2010-12-06 07:13:10.0"
"LINEORNT","BJLOT8","CORRECT","1","Correct","2010-12-06 07:13:10.0"
"LINEORNT","BJLOT9","CORRECT","0","Incorrect","2010-12-06 07:13:10.0"
"LINEORNT","BJLOT9","CORRECT","1","Correct","2010-12-06 07:13:10.0"
"ALL","EVENT_ID","EVENT_ID","AV2","Unscheduled Telephone AV-133","2012-09-16 00:30:22.0"
"ALL","EVENT_ID","EVENT_ID","AV1","Unscheduled Telephone AV-133","2012-09-16 00:30:22.0"
"LUMBAR","CSFMETHD","CSFMETHD","1","Gravity","2010-12-06 07:13:10.0"
"LUMBAR","CSFMETHD","CSFMETHD","2","Syringe suction","2010-12-06 07:13:10.0"
"LUMBAR","CSFNEEDL","CSFNEEDL","1","20g Quincke (sharp bevelled) needle","2010-12-06 07:13:10.0"
"LUMBAR","CSFNEEDL","CSFNEEDL","2","22g Quincke (sharp bevelled) needle","2010-12-06 07:13:10.0"
"LUMBAR","CSFNEEDL","CSFNEEDL","3","25g Quincke (sharp bevelled) needle","2010-12-06 07:13:10.0"
"LUMBAR","CSFNEEDL","CSFNEEDL","4","22g Sprotte (atraumatic) needle","2010-12-06 07:13:10.0"
"LUMBAR","CSFNEEDL","CSFNEEDL","5","24g Sprotte (atraumatic) needle","2010-12-06 07:13:10.0"
"LUMBAR","CSFNEEDL","CSFNEEDL","6","18g","2010-12-06 07:13:10.0"
"LUMBAR","FLUORO","YN","0","No","2010-12-06 07:13:10.0"
"LUMBAR","FLUORO","YN","1","Yes","2010-12-06 07:13:10.0"
"LUMBAR","LPPOSITN","LPPOSITN","1","Sitting, leaned over","2010-12-06 07:13:10.0"
"LUMBAR","LPPOSITN","LPPOSITN","2","Lying, curled up on side","2010-12-06 07:13:10.0"
"LUMBAR","LPPOSITN","LPPOSITN","3","Unknown","2010-12-06 07:13:10.0"
"LUMBAR","LPSITE","LPSITE","1","L3-L4 Interspace","2010-12-06 07:13:10.0"
"LUMBAR","LPSITE","LPSITE","2","L4-L5 Interspace","2011-06-12 00:30:16.0"
"LUMBAR","LPSITE","LPSITE","3","Unknown","2010-12-06 07:13:10.0"
"LUMBAR","PDMEDYN","YN","0","No","2010-12-06 07:13:10.0"
"LUMBAR","PDMEDYN","YN","1","Yes","2010-12-06 07:13:10.0"
"LUMBAR","RBCUNIT","BCUNIT","10^3 mcL","10^3 mcL","2010-12-06 07:13:10.0"
"LUMBAR","RBCUNIT","BCUNIT","10^9 mcL","10^9 mcL","2010-12-06 07:13:10.0"
"LUMBAR","SMPDSCRD","YN","0","No","2010-12-06 07:13:10.0"
"LUMBAR","SMPDSCRD","YN","1","Yes","2010-12-06 07:13:10.0"
"LUMBAR","SMPLOCAL","YN","0","No","2010-12-06 07:13:10.0"
"LUMBAR","SMPLOCAL","YN","1","Yes","2010-12-06 07:13:10.0"
"LUMBAR","SPFI","YN","0","No","2010-12-06 07:13:10.0"
"LUMBAR","SPFI","YN","1","Yes","2010-12-06 07:13:10.0"
"LUMBAR","TGLCUNIT","TGLCUNIT","mg/dL","mg/dL","2010-12-06 07:13:10.0"
"LUMBAR","TGLCUNIT","TGLCUNIT","mmol/L","mmol/L","2010-12-06 07:13:10.0"
"LUMBAR","TOPRUNIT","TOPRUNIT","g/L","g/L","2010-12-06 07:13:10.0"
"LUMBAR","TOPRUNIT","TOPRUNIT","g/dL","g/dL","2010-12-06 07:13:10.0"
"LUMBAR","TOPRUNIT","TOPRUNIT","mg/dL","mg/dL","2010-12-06 07:13:10.0"
"LUMBAR","WBCUNIT","BCUNIT","10^3 mcL","10^3 mcL","2010-12-06 07:13:10.0"
"LUMBAR","WBCUNIT","BCUNIT","10^9 mcL","10^9 mcL","2010-12-06 07:13:10.0"
"MHXGEN","MHACTRES","STATUS","1","Active","2010-12-06 07:13:10.0"
"MHXGEN","MHACTRES","STATUS","2","Resolved","2010-12-06 07:13:10.0"
"MHXGEN","MHHX","YNONE","0","None","2010-12-06 07:13:10.0"
"MHXGEN","MHHX","YNONE","1","Yes","2010-12-06 07:13:10.0"
"MRI","MRICMPLT","CMPLT2","0","Not Completed","2010-12-06 07:13:10.0"
"MRI","MRICMPLT","CMPLT2","1","Completed","2010-12-06 07:13:10.0"
"MRI","MRIRSLT","NORMABCS","1","Normal","2010-12-06 07:13:10.0"
"MRI","MRIRSLT","NORMABCS","2","Abnormal, not clinically significant","2010-12-06 07:13:10.0"
"MRI","MRIRSLT","NORMABCS","3","Abnormal, clinically significant","2010-12-06 07:13:10.0"
"MRI","MRIWDTI","YN","0","No","2010-12-06 07:13:10.0"
"MRI","MRIWDTI","YN","1","Yes","2010-12-06 07:13:10.0"
"MRI","MRIXFRYN","YN","0","No","2010-12-06 07:13:10.0"
"MRI","MRIXFRYN","YN","1","Yes","2010-12-06 07:13:10.0"
"NUPDRS1","NUPSOURC","NUPDRSRC","1","Patient","2010-12-06 07:13:10.0"
"NUPDRS1","NUPSOURC","NUPDRSRC","2","Caregiver","2010-12-06 07:13:10.0"
"NUPDRS1","NUPSOURC","NUPDRSRC","3","Patient and Caregiver - Equal Proportion","2010-12-06 07:13:10.0"
"NUPDRS1P","NUPSOURC","NUPDRSRC","1","Patient","2010-12-06 07:13:10.0"
"NUPDRS1P","NUPSOURC","NUPDRSRC","2","Caregiver","2010-12-06 07:13:10.0"
"NUPDRS1P","NUPSOURC","NUPDRSRC","3","Patient and Caregiver - Equal Proportion","2010-12-06 07:13:10.0"
"NUPDRS2P","NUPSOURC","NUPDRSRC","1","Patient","2010-12-06 07:13:10.0"
"NUPDRS2P","NUPSOURC","NUPDRSRC","2","Caregiver","2010-12-06 07:13:10.0"
"NUPDRS2P","NUPSOURC","NUPDRSRC","3","Patient and Caregiver - Equal Proportion","2010-12-06 07:13:10.0"
"NUPDRS3","DYSKIRAT","YN","0","No","2010-12-06 07:13:10.0"
"NUPDRS3","DYSKIRAT","YN","1","Yes","2010-12-06 07:13:10.0"
"NUPDRS3","DYSKPRES","YN","0","No","2010-12-06 07:13:10.0"
"NUPDRS3","DYSKPRES","YN","1","Yes","2010-12-06 07:13:10.0"
"PDFEAT","DOMSIDE","SIDEAFF","1","Left","2010-12-06 07:13:10.0"
"PDFEAT","DOMSIDE","SIDEAFF","2","Right","2010-12-06 07:13:10.0"
"PDFEAT","DOMSIDE","SIDEAFF","3","Symmetric","2010-12-06 07:13:10.0"
"PDFEAT","DXBRADY","YNUNK","0","No","2010-12-06 07:13:10.0"
"PDFEAT","DXBRADY","YNUNK","1","Yes","2010-12-06 07:13:10.0"
"PDFEAT","DXBRADY","YNUNK","U","Unknown","2010-12-06 07:13:10.0"
"PDFEAT","DXOTHSX","YNUNK","0","No","2010-12-06 07:13:10.0"
"PDFEAT","DXOTHSX","YNUNK","1","Yes","2010-12-06 07:13:10.0"
"PDFEAT","DXOTHSX","YNUNK","U","Unknown","2010-12-06 07:13:10.0"
"PDFEAT","DXPOSINS","YNUNK","0","No","2010-12-06 07:13:10.0"
"PDFEAT","DXPOSINS","YNUNK","1","Yes","2010-12-06 07:13:10.0"
"PDFEAT","DXPOSINS","YNUNK","U","Unknown","2010-12-06 07:13:10.0"
"PDFEAT","DXRIGID","YNUNK","0","No","2010-12-06 07:13:10.0"
"PDFEAT","DXRIGID","YNUNK","1","Yes","2010-12-06 07:13:10.0"
"PDFEAT","DXRIGID","YNUNK","U","Unknown","2010-12-06 07:13:10.0"
"PDFEAT","DXTREMOR","YNUNK","0","No","2010-12-06 07:13:10.0"
"PDFEAT","DXTREMOR","YNUNK","1","Yes","2010-12-06 07:13:10.0"
"PDFEAT","DXTREMOR","YNUNK","U","Unknown","2010-12-06 07:13:10.0"
"PDFEAT","PDDXEST","DATEEST","ACT","Actual date","2010-12-06 07:13:10.0"
"PDFEAT","PDDXEST","DATEEST","DAY","Day estimated","2010-12-06 07:13:10.0"
"PDFEAT","PDDXEST","DATEEST","MD","Month and Day estimated","2010-12-06 07:13:10.0"
"PDFEAT","PDDXEST","DATEEST","MON","Month estimated","2010-12-06 07:13:10.0"
"PDMEDUSE","FULNUPDR","YN","0","No","2010-12-06 07:13:10.0"
"PDMEDUSE","FULNUPDR","YN","1","Yes","2010-12-06 07:13:10.0"
"PDMEDUSE","PDMEDYN","YN","0","No","2010-12-06 07:13:10.0"
"PDMEDUSE","PDMEDYN","YN","1","Yes","2010-12-06 07:13:10.0"
"PECN","CN11RSP","ABNORM","0","Normal","2010-12-06 07:13:10.0"
"PECN","CN11RSP","ABNORM","1","Abnormal","2010-12-06 07:13:10.0"
"PECN","CN11RSP","ABNORM","2","Not tested","2010-12-06 07:13:10.0"
"PECN","CN11RSP","ABNORM","3","Unable to test","2010-12-06 07:13:10.0"
"PECN","CN12RSP","ABNORM","0","Normal","2010-12-06 07:13:10.0"
"PECN","CN12RSP","ABNORM","1","Abnormal","2010-12-06 07:13:10.0"
"PECN","CN12RSP","ABNORM","2","Not tested","2010-12-06 07:13:10.0"
"PECN","CN12RSP","ABNORM","3","Unable to test","2010-12-06 07:13:10.0"
"PECN","CN1RSP","ABNORM","0","Normal","2010-12-06 07:13:10.0"
"PECN","CN1RSP","ABNORM","1","Abnormal","2010-12-06 07:13:10.0"
"PECN","CN1RSP","ABNORM","2","Not tested","2010-12-06 07:13:10.0"
"PECN","CN1RSP","ABNORM","3","Unable to test","2010-12-06 07:13:10.0"
"PECN","CN2RSP","ABNORM","0","Normal","2010-12-06 07:13:10.0"
"PECN","CN2RSP","ABNORM","1","Abnormal","2010-12-06 07:13:10.0"
"PECN","CN2RSP","ABNORM","2","Not tested","2010-12-06 07:13:10.0"
"PECN","CN2RSP","ABNORM","3","Unable to test","2010-12-06 07:13:10.0"
"PECN","CN346RSP","ABNORM","0","Normal","2010-12-06 07:13:10.0"
"PECN","CN346RSP","ABNORM","1","Abnormal","2010-12-06 07:13:10.0"
"PECN","CN346RSP","ABNORM","2","Not tested","2010-12-06 07:13:10.0"
"PECN","CN346RSP","ABNORM","3","Unable to test","2010-12-06 07:13:10.0"
"PECN","CN5RSP","ABNORM","0","Normal","2010-12-06 07:13:10.0"
"PECN","CN5RSP","ABNORM","1","Abnormal","2010-12-06 07:13:10.0"
"PECN","CN5RSP","ABNORM","2","Not tested","2010-12-06 07:13:10.0"
"PECN","CN5RSP","ABNORM","3","Unable to test","2010-12-06 07:13:10.0"
"PECN","CN7RSP","ABNORM","0","Normal","2010-12-06 07:13:10.0"
"PECN","CN7RSP","ABNORM","1","Abnormal","2010-12-06 07:13:10.0"
"PECN","CN7RSP","ABNORM","2","Not tested","2010-12-06 07:13:10.0"
"PECN","CN7RSP","ABNORM","3","Unable to test","2010-12-06 07:13:10.0"
"PECN","CN8RSP","ABNORM","0","Normal","2010-12-06 07:13:10.0"
"PECN","CN8RSP","ABNORM","1","Abnormal","2010-12-06 07:13:10.0"
"PECN","CN8RSP","ABNORM","2","Not tested","2010-12-06 07:13:10.0"
"PECN","CN8RSP","ABNORM","3","Unable to test","2010-12-06 07:13:10.0"
"PECN","CN910RSP","ABNORM","0","Normal","2010-12-06 07:13:10.0"
"PECN","CN910RSP","ABNORM","1","Abnormal","2010-12-06 07:13:10.0"
"PECN","CN910RSP","ABNORM","2","Not tested","2010-12-06 07:13:10.0"
"PECN","CN910RSP","ABNORM","3","Unable to test","2010-12-06 07:13:10.0"
"PENEURO","COFNLRSP","ABNORM","0","Normal","2010-12-06 07:13:10.0"
"PENEURO","COFNLRSP","ABNORM","1","Abnormal","2010-12-06 07:13:10.0"
"PENEURO","COFNLRSP","ABNORM","2","Not tested","2010-12-06 07:13:10.0"
"PENEURO","COFNLRSP","ABNORM","3","Unable to test","2010-12-06 07:13:10.0"
"PENEURO","COFNRRSP","ABNORM","0","Normal","2010-12-06 07:13:10.0"
"PENEURO","COFNRRSP","ABNORM","1","Abnormal","2010-12-06 07:13:10.0"
"PENEURO","COFNRRSP","ABNORM","2","Not tested","2010-12-06 07:13:10.0"
"PENEURO","COFNRRSP","ABNORM","3","Unable to test","2010-12-06 07:13:10.0"
"PENEURO","COHSLRSP","ABNORM","0","Normal","2010-12-06 07:13:10.0"
"PENEURO","COHSLRSP","ABNORM","1","Abnormal","2010-12-06 07:13:10.0"
"PENEURO","COHSLRSP","ABNORM","2","Not tested","2010-12-06 07:13:10.0"
"PENEURO","COHSLRSP","ABNORM","3","Unable to test","2010-12-06 07:13:10.0"
"PENEURO","COHSRRSP","ABNORM","0","Normal","2010-12-06 07:13:10.0"
"PENEURO","COHSRRSP","ABNORM","1","Abnormal","2010-12-06 07:13:10.0"
"PENEURO","COHSRRSP","ABNORM","2","Not tested","2010-12-06 07:13:10.0"
"PENEURO","COHSRRSP","ABNORM","3","Unable to test","2010-12-06 07:13:10.0"
"PENEURO","MSLARSP","ABNORM","0","Normal","2010-12-06 07:13:10.0"
"PENEURO","MSLARSP","ABNORM","1","Abnormal","2010-12-06 07:13:10.0"
"PENEURO","MSLARSP","ABNORM","2","Not tested","2010-12-06 07:13:10.0"
"PENEURO","MSLARSP","ABNORM","3","Unable to test","2010-12-06 07:13:10.0"
"PENEURO","MSLLRSP","ABNORM","0","Normal","2010-12-06 07:13:10.0"
"PENEURO","MSLLRSP","ABNORM","1","Abnormal","2010-12-06 07:13:10.0"
"PENEURO","MSLLRSP","ABNORM","2","Not tested","2010-12-06 07:13:10.0"
"PENEURO","MSLLRSP","ABNORM","3","Unable to test","2010-12-06 07:13:10.0"
"PENEURO","MSRARSP","ABNORM","0","Normal","2010-12-06 07:13:10.0"
"PENEURO","MSRARSP","ABNORM","1","Abnormal","2010-12-06 07:13:10.0"
"PENEURO","MSRARSP","ABNORM","2","Not tested","2010-12-06 07:13:10.0"
"PENEURO","MSRARSP","ABNORM","3","Unable to test","2010-12-06 07:13:10.0"
"PENEURO","MSRLRSP","ABNORM","0","Normal","2010-12-06 07:13:10.0"
"PENEURO","MSRLRSP","ABNORM","1","Abnormal","2010-12-06 07:13:10.0"
"PENEURO","MSRLRSP","ABNORM","2","Not tested","2010-12-06 07:13:10.0"
"PENEURO","MSRLRSP","ABNORM","3","Unable to test","2010-12-06 07:13:10.0"
"PENEURO","PLRLRSP","PLANTAR","0","Flexor","2010-12-06 07:13:10.0"
"PENEURO","PLRLRSP","PLANTAR","1","Extensor","2010-12-06 07:13:10.0"
"PENEURO","PLRLRSP","PLANTAR","2","Indeterminate","2010-12-06 07:13:10.0"
"PENEURO","PLRLRSP","PLANTAR","3","Not tested","2010-12-06 07:13:10.0"
"PENEURO","PLRLRSP","PLANTAR","4","Unable to test","2010-12-06 07:13:10.0"
"PENEURO","PLRRRSP","PLANTAR","0","Flexor","2010-12-06 07:13:10.0"
"PENEURO","PLRRRSP","PLANTAR","1","Extensor","2010-12-06 07:13:10.0"
"PENEURO","PLRRRSP","PLANTAR","2","Indeterminate","2010-12-06 07:13:10.0"
"PENEURO","PLRRRSP","PLANTAR","3","Not tested","2010-12-06 07:13:10.0"
"PENEURO","PLRRRSP","PLANTAR","4","Unable to test","2010-12-06 07:13:10.0"
"PENEURO","RFLLARSP","REFLEX","0","Absent","2010-12-06 07:13:10.0"
"PENEURO","RFLLARSP","REFLEX","1","Hypoactive","2010-12-06 07:13:10.0"
"PENEURO","RFLLARSP","REFLEX","2","Normal","2010-12-06 07:13:10.0"
"PENEURO","RFLLARSP","REFLEX","3","Hyperactive, no clonus","2010-12-06 07:13:10.0"
"PENEURO","RFLLARSP","REFLEX","4","Hyperactive, clonus","2010-12-06 07:13:10.0"
"PENEURO","RFLLARSP","REFLEX","5","Not tested","2010-12-06 07:13:10.0"
"PENEURO","RFLLARSP","REFLEX","6","Unable to test","2010-12-06 07:13:10.0"
"PENEURO","RFLLLRSP","REFLEX","0","Absent","2010-12-06 07:13:10.0"
"PENEURO","RFLLLRSP","REFLEX","1","Hypoactive","2010-12-06 07:13:10.0"
"PENEURO","RFLLLRSP","REFLEX","2","Normal","2010-12-06 07:13:10.0"
"PENEURO","RFLLLRSP","REFLEX","3","Hyperactive, no clonus","2010-12-06 07:13:10.0"
"PENEURO","RFLLLRSP","REFLEX","4","Hyperactive, clonus","2010-12-06 07:13:10.0"
"PENEURO","RFLLLRSP","REFLEX","5","Not tested","2010-12-06 07:13:10.0"
"PENEURO","RFLLLRSP","REFLEX","6","Unable to test","2010-12-06 07:13:10.0"
"PENEURO","RFLRARSP","REFLEX","0","Absent","2010-12-06 07:13:10.0"
"PENEURO","RFLRARSP","REFLEX","1","Hypoactive","2010-12-06 07:13:10.0"
"PENEURO","RFLRARSP","REFLEX","2","Normal","2010-12-06 07:13:10.0"
"PENEURO","RFLRARSP","REFLEX","3","Hyperactive, no clonus","2010-12-06 07:13:10.0"
"PENEURO","RFLRARSP","REFLEX","4","Hyperactive, clonus","2010-12-06 07:13:10.0"
"PENEURO","RFLRARSP","REFLEX","5","Not tested","2010-12-06 07:13:10.0"
"PENEURO","RFLRARSP","REFLEX","6","Unable to test","2010-12-06 07:13:10.0"
"PENEURO","RFLRLRSP","REFLEX","0","Absent","2010-12-06 07:13:10.0"
"PENEURO","RFLRLRSP","REFLEX","1","Hypoactive","2010-12-06 07:13:10.0"
"PENEURO","RFLRLRSP","REFLEX","2","Normal","2010-12-06 07:13:10.0"
"PENEURO","RFLRLRSP","REFLEX","3","Hyperactive, no clonus","2010-12-06 07:13:10.0"
"PENEURO","RFLRLRSP","REFLEX","4","Hyperactive, clonus","2010-12-06 07:13:10.0"
"PENEURO","RFLRLRSP","REFLEX","5","Not tested","2010-12-06 07:13:10.0"
"PENEURO","RFLRLRSP","REFLEX","6","Unable to test","2010-12-06 07:13:10.0"
"PENEURO","SENLARSP","ABNORM","0","Normal","2010-12-06 07:13:10.0"
"PENEURO","SENLARSP","ABNORM","1","Abnormal","2010-12-06 07:13:10.0"
"PENEURO","SENLARSP","ABNORM","2","Not tested","2010-12-06 07:13:10.0"
"PENEURO","SENLARSP","ABNORM","3","Unable to test","2010-12-06 07:13:10.0"
"PENEURO","SENLLRSP","ABNORM","0","Normal","2010-12-06 07:13:10.0"
"PENEURO","SENLLRSP","ABNORM","1","Abnormal","2010-12-06 07:13:10.0"
"PENEURO","SENLLRSP","ABNORM","2","Not tested","2010-12-06 07:13:10.0"
"PENEURO","SENLLRSP","ABNORM","3","Unable to test","2010-12-06 07:13:10.0"
"PENEURO","SENRARSP","ABNORM","0","Normal","2010-12-06 07:13:10.0"
"PENEURO","SENRARSP","ABNORM","1","Abnormal","2010-12-06 07:13:10.0"
"PENEURO","SENRARSP","ABNORM","2","Not tested","2010-12-06 07:13:11.0"
"PENEURO","SENRARSP","ABNORM","3","Unable to test","2010-12-06 07:13:11.0"
"PENEURO","SENRLRSP","ABNORM","0","Normal","2010-12-06 07:13:11.0"
"PENEURO","SENRLRSP","ABNORM","1","Abnormal","2010-12-06 07:13:11.0"
"PENEURO","SENRLRSP","ABNORM","2","Not tested","2010-12-06 07:13:11.0"
"PENEURO","SENRLRSP","ABNORM","3","Unable to test","2010-12-06 07:13:11.0"
"PREGNANC","PREGPERF","YN","0","No","2010-12-06 07:13:11.0"
"PREGNANC","PREGPERF","YN","1","Yes","2010-12-06 07:13:11.0"
"ALL","EVENT_ID","EVENT_ID","X01","Transfer Event","2011-08-14 00:30:16.0"
"LUMBAR","LPSITE","LPSITE","0","L2-L3 Interspace","2011-07-31 00:30:19.0"
"PREGNANC","PREGRSLT","YN","0","No","2010-12-06 07:13:11.0"
"PREGNANC","PREGRSLT","YN","1","Yes","2010-12-06 07:13:11.0"
"PRIMDXPD","PRIMDIAG","PRIMDIAG","01","Idiopathic PD","2010-12-06 07:13:11.0"
"PRIMDXPD","PRIMDIAG","PRIMDIAG","02","Alzheimer's disease","2010-12-06 07:13:11.0"
"PRIMDXPD","PRIMDIAG","PRIMDIAG","03","Chromosome-17 frontotemporal dementia","2010-12-06 07:13:11.0"
"PRIMDXPD","PRIMDIAG","PRIMDIAG","04","Corticobasal degeneration","2010-12-06 07:13:11.0"
"PRIMDXPD","PRIMDIAG","PRIMDIAG","05","Dementia with Lewy bodies","2010-12-06 07:13:11.0"
"PRIMDXPD","PRIMDIAG","PRIMDIAG","06","Dopa-responsive dystonia","2010-12-06 07:13:11.0"
"PRIMDXPD","PRIMDIAG","PRIMDIAG","07","Essential tremor","2010-12-06 07:13:11.0"
"PRIMDXPD","PRIMDIAG","PRIMDIAG","08","Hemiparkinson/hemiatrophy syndrome","2010-12-06 07:13:11.0"
"PRIMDXPD","PRIMDIAG","PRIMDIAG","09","Juv. autosomal recessive parkinsonism","2010-12-06 07:13:11.0"
"PRIMDXPD","PRIMDIAG","PRIMDIAG","10","Motor neuron disease with parkinsonism","2010-12-06 07:13:11.0"
"PRIMDXPD","PRIMDIAG","PRIMDIAG","11","Multiple system atrophy","2010-12-06 07:13:11.0"
"PRIMDXPD","PRIMDIAG","PRIMDIAG","12","Neuroleptic-induced parkinsonism","2010-12-06 07:13:11.0"
"PRIMDXPD","PRIMDIAG","PRIMDIAG","13","Normal pressure hydrocephalus","2010-12-06 07:13:11.0"
"PRIMDXPD","PRIMDIAG","PRIMDIAG","14","Progressive supranuclear palsy","2010-12-06 07:13:11.0"
"PRIMDXPD","PRIMDIAG","PRIMDIAG","15","Psychogenic illness","2010-12-06 07:13:11.0"
"PRIMDXPD","PRIMDIAG","PRIMDIAG","16","Vascular parkinsonism","2010-12-06 07:13:11.0"
"PRIMDXPD","PRIMDIAG","PRIMDIAG","17","No PD nor other neurological disorder","2010-12-06 07:13:11.0"
"PRIMDXPD","PRIMDIAG","PRIMDIAG","18","Spinocerebellar Ataxia (SCA)","2010-12-06 07:13:11.0"
"PRIMDXPD","PRIMDIAG","PRIMDIAG","97","Other neurological disorder(s) (specify)","2010-12-06 07:13:11.0"
"QUIPCS","CNTRLBUY","YN","0","No","2010-12-06 07:13:11.0"
"QUIPCS","CNTRLBUY","YN","1","Yes","2010-12-06 07:13:11.0"
"DATSCAN","SCNLOC","SCNLOC","1","Site","2011-07-08 11:26:13.0"
"DATSCAN","SCNINJCT","SCNINJCT","2","Beta-CIT","2011-07-08 11:26:13.0"
"QUIPCS","CNTRLEAT","YN","0","No","2010-12-06 07:13:11.0"
"QUIPCS","CNTRLEAT","YN","1","Yes","2010-12-06 07:13:11.0"
"QUIPCS","CNTRLGMB","YN","0","No","2010-12-06 07:13:11.0"
"QUIPCS","CNTRLGMB","YN","1","Yes","2010-12-06 07:13:11.0"
"QUIPCS","CNTRLSEX","YN","0","No","2010-12-06 07:13:11.0"
"QUIPCS","CNTRLSEX","YN","1","Yes","2010-12-06 07:13:11.0"
"QUIPCS","PTINBOTH","PTINBOTH","1","Patient","2010-12-06 07:13:11.0"
"QUIPCS","PTINBOTH","PTINBOTH","2","Informant","2010-12-06 07:13:11.0"
"QUIPCS","PTINBOTH","PTINBOTH","3","Patient and Informant","2010-12-06 07:13:11.0"
"QUIPCS","TMBUY","YN","0","No","2010-12-06 07:13:11.0"
"QUIPCS","TMBUY","YN","1","Yes","2010-12-06 07:13:11.0"
"DATSCAN","SCNINJCT","SCNINJCT","1","DaTSCAN","2011-07-08 11:26:13.0"
"ALL","EVENT_ID","EVENT_ID","U06","Unscheduled Visit 06","2011-03-07 13:16:51.0"
"QUIPCS","TMEAT","YN","0","No","2010-12-06 07:13:11.0"
"QUIPCS","TMEAT","YN","1","Yes","2010-12-06 07:13:11.0"
"QUIPCS","TMGAMBLE","YN","0","No","2010-12-06 07:13:11.0"
"QUIPCS","TMGAMBLE","YN","1","Yes","2010-12-06 07:13:11.0"
"QUIPCS","TMSEX","YN","0","No","2010-12-06 07:13:11.0"
"QUIPCS","TMSEX","YN","1","Yes","2010-12-06 07:13:11.0"
"QUIPCS","TMTMTACT","YN","0","No","2010-12-06 07:13:11.0"
"QUIPCS","TMTMTACT","YN","1","Yes","2010-12-06 07:13:11.0"
"QUIPCS","TMTORACT","YN","0","No","2010-12-06 07:13:11.0"
"QUIPCS","TMTORACT","YN","1","Yes","2010-12-06 07:13:11.0"
"QUIPCS","TMTRWD","YN","0","No","2010-12-06 07:13:11.0"
"QUIPCS","TMTRWD","YN","1","Yes","2010-12-06 07:13:11.0"
"REMSLEEP","BRNINFM","YN","0","No","2010-12-06 07:13:11.0"
"REMSLEEP","BRNINFM","YN","1","Yes","2010-12-06 07:13:11.0"
"REMSLEEP","CNSOTH","YN","0","No","2010-12-06 07:13:11.0"
"REMSLEEP","CNSOTH","YN","1","Yes","2010-12-06 07:13:11.0"
"REMSLEEP","DEPRS","YN","0","No","2010-12-06 07:13:11.0"
"REMSLEEP","DEPRS","YN","1","Yes","2010-12-06 07:13:11.0"
"REMSLEEP","DRMAGRAC","YN","0","No","2010-12-06 07:13:11.0"
"REMSLEEP","DRMAGRAC","YN","1","Yes","2010-12-06 07:13:11.0"
"REMSLEEP","DRMFIGHT","YN","0","No","2010-12-06 07:13:11.0"
"REMSLEEP","DRMFIGHT","YN","1","Yes","2010-12-06 07:13:11.0"
"REMSLEEP","DRMNOCTB","YN","0","No","2010-12-06 07:13:11.0"
"REMSLEEP","DRMNOCTB","YN","1","Yes","2010-12-06 07:13:11.0"
"REMSLEEP","DRMOBJFL","YN","0","No","2010-12-06 07:13:11.0"
"REMSLEEP","DRMOBJFL","YN","1","Yes","2010-12-06 07:13:11.0"
"REMSLEEP","DRMREMEM","YN","0","No","2010-12-06 07:13:11.0"
"REMSLEEP","DRMREMEM","YN","1","Yes","2010-12-06 07:13:11.0"
"REMSLEEP","DRMUMV","YN","0","No","2010-12-06 07:13:11.0"
"REMSLEEP","DRMUMV","YN","1","Yes","2010-12-06 07:13:11.0"
"REMSLEEP","DRMVERBL","YN","0","No","2010-12-06 07:13:11.0"
"REMSLEEP","DRMVERBL","YN","1","Yes","2010-12-06 07:13:11.0"
"REMSLEEP","DRMVIVID","YN","0","No","2010-12-06 07:13:11.0"
"REMSLEEP","DRMVIVID","YN","1","Yes","2010-12-06 07:13:11.0"
"REMSLEEP","EPILEPSY","YN","0","No","2010-12-06 07:13:11.0"
"REMSLEEP","EPILEPSY","YN","1","Yes","2010-12-06 07:13:11.0"
"REMSLEEP","HETRA","YN","0","No","2010-12-06 07:13:11.0"
"REMSLEEP","HETRA","YN","1","Yes","2010-12-06 07:13:11.0"
"REMSLEEP","MVAWAKEN","YN","0","No","2010-12-06 07:13:11.0"
"REMSLEEP","MVAWAKEN","YN","1","Yes","2010-12-06 07:13:11.0"
"REMSLEEP","NARCLPSY","YN","0","No","2010-12-06 07:13:11.0"
"REMSLEEP","NARCLPSY","YN","1","Yes","2010-12-06 07:13:11.0"
"REMSLEEP","PARKISM","YN","0","No","2010-12-06 07:13:11.0"
"REMSLEEP","PARKISM","YN","1","Yes","2010-12-06 07:13:11.0"
"REMSLEEP","PTCGBOTH","PTCGBOTH","1","Patient","2010-12-06 07:13:11.0"
"REMSLEEP","PTCGBOTH","PTCGBOTH","2","Caregiver","2010-12-06 07:13:11.0"
"REMSLEEP","PTCGBOTH","PTCGBOTH","3","Patient and Caregiver","2010-12-06 07:13:11.0"
"REMSLEEP","RLS","YN","0","No","2010-12-06 07:13:11.0"
"REMSLEEP","RLS","YN","1","Yes","2010-12-06 07:13:11.0"
"REMSLEEP","SLPDSTRB","YN","0","No","2010-12-06 07:13:11.0"
"REMSLEEP","SLPDSTRB","YN","1","Yes","2010-12-06 07:13:11.0"
"REMSLEEP","SLPINJUR","YN","0","No","2010-12-06 07:13:11.0"
"REMSLEEP","SLPINJUR","YN","1","Yes","2010-12-06 07:13:11.0"
"REMSLEEP","SLPLMBMV","YN","0","No","2010-12-06 07:13:11.0"
"REMSLEEP","SLPLMBMV","YN","1","Yes","2010-12-06 07:13:11.0"
"REMSLEEP","STROKE","YN","0","No","2010-12-06 07:13:11.0"
"REMSLEEP","STROKE","YN","1","Yes","2010-12-06 07:13:11.0"
"SCOPAAUT","PTCGBOTH","PTCGBOTH","1","Patient","2010-12-06 07:13:11.0"
"SCOPAAUT","PTCGBOTH","PTCGBOTH","2","Caregiver","2010-12-06 07:13:11.0"
"SCOPAAUT","PTCGBOTH","PTCGBOTH","3","Patient and Caregiver","2010-12-06 07:13:11.0"
"SCOPAAUT","SCAU1","SCOPA","1","sometimes","2012-01-09 08:45:02.0"
"SCOPAAUT","SCAU1","SCOPA","2","regularly","2012-01-09 08:45:02.0"
"SCOPAAUT","SCAU1","SCOPA","3","often","2012-01-09 08:45:02.0"
"DIAGFEAT","DFAXRIG","YN","0","No","2012-06-10 00:25:43.0"
"SCOPAAUT","SCAU10","SCOPACAT","1","sometimes","2012-01-09 08:45:02.0"
"SCOPAAUT","SCAU10","SCOPACAT","2","regularly","2012-01-09 08:45:02.0"
"SCOPAAUT","SCAU10","SCOPACAT","3","often","2012-01-09 08:45:02.0"
"DIAGFEAT","DFATYP","YN","1","Yes","2012-06-10 00:25:43.0"
"SCOPAAUT","SCAU10","SCOPACAT","9","use catheter","2010-12-06 07:13:11.0"
"SCOPAAUT","SCAU11","SCOPACAT","1","sometimes","2012-01-09 08:45:02.0"
"SCOPAAUT","SCAU11","SCOPACAT","2","regularly","2012-01-09 08:45:02.0"
"SCOPAAUT","SCAU11","SCOPACAT","3","often","2012-01-09 08:45:02.0"
"DIAGFEAT","DFATYP","YN","0","No","2012-06-10 00:25:43.0"
"SCOPAAUT","SCAU11","SCOPACAT","9","use catheter","2010-12-06 07:13:11.0"
"SCOPAAUT","SCAU12","SCOPACAT","1","sometimes","2012-01-09 08:45:02.0"
"SCOPAAUT","SCAU12","SCOPACAT","2","regularly","2012-01-09 08:45:02.0"
"SCOPAAUT","SCAU12","SCOPACAT","3","often","2012-01-09 08:45:02.0"
"DIAGFEAT","DFAKINES","YN","1","Yes","2012-06-10 00:25:43.0"
"SCOPAAUT","SCAU12","SCOPACAT","9","use catheter","2010-12-06 07:13:11.0"
"SCOPAAUT","SCAU13","SCOPACAT","1","sometimes","2012-01-09 08:45:02.0"
"SCOPAAUT","SCAU13","SCOPACAT","2","regularly","2012-01-09 08:45:02.0"
"SCOPAAUT","SCAU13","SCOPACAT","3","often","2012-01-09 08:45:02.0"
"DIAGFEAT","DFAKINES","YN","0","No","2012-06-10 00:25:43.0"
"SCOPAAUT","SCAU13","SCOPACAT","9","use catheter","2010-12-06 07:13:11.0"
"SCOPAAUT","SCAU14","SCOPA","1","sometimes","2012-01-09 08:45:02.0"
"SCOPAAUT","SCAU14","SCOPA","2","regularly","2012-01-09 08:45:02.0"
"SCOPAAUT","SCAU14","SCOPA","3","often","2012-01-09 08:45:02.0"
"DIAGFEAT","DFAGESX","YN","1","Yes","2012-06-10 00:25:43.0"
"SCOPAAUT","SCAU15","SCOPA","1","sometimes","2012-01-09 08:45:02.0"
"SCOPAAUT","SCAU15","SCOPA","2","regularly","2012-01-09 08:45:02.0"
"SCOPAAUT","SCAU15","SCOPA","3","often","2012-01-09 08:45:02.0"
"DIAGFEAT","DFAGESX","YN","0","No","2012-06-10 00:25:43.0"
"SCOPAAUT","SCAU16","SCOPA","1","sometimes","2012-01-09 08:45:02.0"
"SCOPAAUT","SCAU16","SCOPA","2","regularly","2012-01-09 08:45:02.0"
"SCOPAAUT","SCAU16","SCOPA","3","often","2012-01-09 08:45:02.0"
"DATSCAN","VSINTRPT","VSINTRPT","2","Not consistent with evidence","2012-06-10 00:25:43.0"
"SCOPAAUT","SCAU17","SCOPA","1","sometimes","2012-01-09 08:45:02.0"
"SCOPAAUT","SCAU17","SCOPA","2","regularly","2012-01-09 08:45:02.0"
"SCOPAAUT","SCAU17","SCOPA","3","often","2012-01-09 08:45:02.0"
"DATSCAN","VSINTRPT","VSINTRPT","1","Consistent with evidence","2012-06-10 00:25:43.0"
"SCOPAAUT","SCAU18","SCOPA","1","sometimes","2012-01-09 08:45:02.0"
"SCOPAAUT","SCAU18","SCOPA","2","regularly","2012-01-09 08:45:02.0"
"SCOPAAUT","SCAU18","SCOPA","3","often","2012-01-09 08:45:02.0"
"COGCATG","RVWNPSY","YN","1","Yes","2012-06-10 00:25:43.0"
"SCOPAAUT","SCAU19","SCOPA","1","sometimes","2012-01-09 08:45:02.0"
"SCOPAAUT","SCAU19","SCOPA","2","regularly","2012-01-09 08:45:02.0"
"SCOPAAUT","SCAU19","SCOPA","3","often","2012-01-09 08:45:02.0"
"COGCATG","RVWNPSY","YN","0","No","2012-06-10 00:25:43.0"
"SCOPAAUT","SCAU2","SCOPA","1","sometimes","2012-01-09 08:45:02.0"
"SCOPAAUT","SCAU2","SCOPA","2","regularly","2012-01-09 08:45:02.0"
"SCOPAAUT","SCAU2","SCOPA","3","often","2012-01-09 08:45:02.0"
"COGCATG","PTCGBOTH","PTCGBOTH","3","Patient and Caregiver","2012-06-10 00:25:43.0"
"SCOPAAUT","SCAU20","SCOPA","1","sometimes","2012-01-09 08:45:02.0"
"SCOPAAUT","SCAU20","SCOPA","2","regularly","2012-01-09 08:45:02.0"
"SCOPAAUT","SCAU20","SCOPA","3","often","2012-01-09 08:45:02.0"
"COGCATG","PTCGBOTH","PTCGBOTH","2","Caregiver","2012-06-10 00:25:43.0"
"SCOPAAUT","SCAU21","SCOPA","1","sometimes","2012-01-09 08:45:02.0"
"SCOPAAUT","SCAU21","SCOPA","2","regularly","2012-01-09 08:45:02.0"
"SCOPAAUT","SCAU21","SCOPA","3","often","2012-01-09 08:45:02.0"
"COGCATG","PTCGBOTH","PTCGBOTH","1","Patient","2012-06-10 00:25:43.0"
"SCOPAAUT","SCAU22","SCOPANA","1","sometimes","2012-01-09 08:45:02.0"
"SCOPAAUT","SCAU22","SCOPANA","2","regularly","2012-01-09 08:45:02.0"
"SCOPAAUT","SCAU22","SCOPANA","3","often","2012-01-09 08:45:02.0"
"COGCATG","FNCDTCOG","YN","1","Yes","2012-06-10 00:25:43.0"
"SCOPAAUT","SCAU22","SCOPANA","9","not applicable","2010-12-06 07:13:11.0"
"SCOPAAUT","SCAU23","SCOPANA","1","sometimes","2012-01-09 08:45:02.0"
"SCOPAAUT","SCAU23","SCOPANA","2","regularly","2012-01-09 08:45:02.0"
"SCOPAAUT","SCAU23","SCOPANA","3","often","2012-01-09 08:45:02.0"
"COGCATG","FNCDTCOG","YN","0","No","2012-06-10 00:25:43.0"
"SCOPAAUT","SCAU23","SCOPANA","9","not applicable","2010-12-06 07:13:11.0"
"SCOPAAUT","SCAU23A","YN","0","No","2010-12-06 07:13:11.0"
"SCOPAAUT","SCAU23A","YN","1","Yes","2010-12-06 07:13:11.0"
"SCOPAAUT","SCAU24","SCOPANA","1","sometimes","2012-01-09 08:45:02.0"
"SCOPAAUT","SCAU24","SCOPANA","2","regularly","2012-01-09 08:45:02.0"
"SCOPAAUT","SCAU24","SCOPANA","3","often","2012-01-09 08:45:02.0"
"COGCATG","COGSTATE","COGSTATE","3","Dementia (PDD)","2012-06-10 00:25:43.0"
"SCOPAAUT","SCAU24","SCOPANA","9","not applicable","2010-12-06 07:13:11.0"
"SCOPAAUT","SCAU25","SCOPANA","1","sometimes","2012-01-09 08:45:02.0"
"SCOPAAUT","SCAU25","SCOPANA","2","regularly","2012-01-09 08:45:02.0"
"SCOPAAUT","SCAU25","SCOPANA","3","often","2012-01-09 08:45:02.0"
"COGCATG","COGSTATE","COGSTATE","2","Mild Cognitive Impairment (PD-MCI)","2012-06-10 00:25:43.0"
"SCOPAAUT","SCAU25","SCOPANA","9","not applicable","2010-12-06 07:13:11.0"
"SCOPAAUT","SCAU26A","YN","0","No","2010-12-06 07:13:11.0"
"SCOPAAUT","SCAU26A","YN","1","Yes","2010-12-06 07:13:11.0"
"SCOPAAUT","SCAU26B","YN","0","No","2010-12-06 07:13:11.0"
"SCOPAAUT","SCAU26B","YN","1","Yes","2010-12-06 07:13:11.0"
"SCOPAAUT","SCAU26C","YN","0","No","2010-12-06 07:13:11.0"
"SCOPAAUT","SCAU26C","YN","1","Yes","2010-12-06 07:13:11.0"
"SCOPAAUT","SCAU26D","YN","0","No","2010-12-06 07:13:11.0"
"SCOPAAUT","SCAU26D","YN","1","Yes","2010-12-06 07:13:11.0"
"SCOPAAUT","SCAU3","SCOPA","1","sometimes","2012-01-09 08:45:02.0"
"SCOPAAUT","SCAU3","SCOPA","2","regularly","2012-01-09 08:45:02.0"
"SCOPAAUT","SCAU3","SCOPA","3","often","2012-01-09 08:45:02.0"
"COGCATG","COGSTATE","COGSTATE","1","Normal Cognition (PD-NC)","2012-06-10 00:25:43.0"
"SCOPAAUT","SCAU4","SCOPA","1","sometimes","2012-01-09 08:45:02.0"
"SCOPAAUT","SCAU4","SCOPA","2","regularly","2012-01-09 08:45:02.0"
"SCOPAAUT","SCAU4","SCOPA","3","often","2012-01-09 08:45:02.0"
"COGCATG","COGDXCL","PROBIPD","4","0% - 9%","2012-06-10 00:25:43.0"
"SCOPAAUT","SCAU5","SCOPA","1","sometimes","2012-01-09 08:45:02.0"
"SCOPAAUT","SCAU5","SCOPA","2","regularly","2012-01-09 08:45:02.0"
"SCOPAAUT","SCAU5","SCOPA","3","often","2012-01-09 08:45:02.0"
"COGCATG","COGDXCL","PROBIPD","3","10% - 49%","2012-06-10 00:25:43.0"
"SCOPAAUT","SCAU6","SCOPA","1","sometimes","2012-01-09 08:45:02.0"
"SCOPAAUT","SCAU6","SCOPA","2","regularly","2012-01-09 08:45:02.0"
"SCOPAAUT","SCAU6","SCOPA","3","often","2012-01-09 08:45:02.0"
"COGCATG","COGDXCL","PROBIPD","2","50% - 89%","2012-06-10 00:25:43.0"
"SCOPAAUT","SCAU7","SCOPA","1","sometimes","2012-01-09 08:45:02.0"
"SCOPAAUT","SCAU7","SCOPA","2","regularly","2012-01-09 08:45:02.0"
"SCOPAAUT","SCAU7","SCOPA","3","often","2012-01-09 08:45:02.0"
"COGCATG","COGDXCL","PROBIPD","1","90% - 100%","2012-06-10 00:25:43.0"
"SCOPAAUT","SCAU8","SCOPACAT","1","sometimes","2012-01-09 08:45:02.0"
"SCOPAAUT","SCAU8","SCOPACAT","2","regularly","2012-01-09 08:45:02.0"
"SCOPAAUT","SCAU8","SCOPACAT","3","often","2012-01-09 08:45:02.0"
"COGCATG","COGDECLN","YN","1","Yes","2012-06-10 00:25:43.0"
"SCOPAAUT","SCAU8","SCOPACAT","9","use catheter","2010-12-06 07:13:11.0"
"SCOPAAUT","SCAU9","SCOPACAT","1","sometimes","2012-01-09 08:45:02.0"
"SCOPAAUT","SCAU9","SCOPACAT","2","regularly","2012-01-09 08:45:02.0"
"SCOPAAUT","SCAU9","SCOPACAT","3","often","2012-01-09 08:45:02.0"
"COGCATG","COGDECLN","YN","0","No","2012-06-10 00:25:43.0"
"SCOPAAUT","SCAU9","SCOPACAT","9","use catheter","2010-12-06 07:13:11.0"
"SCREEN","APPRDX","APPRDX","1","Parkinson's disease","2010-12-06 07:13:11.0"
"SCREEN","APPRDX","APPRDX","2","Healthy Control","2010-12-06 07:13:11.0"
"SCREEN","GENDER","GENDCHP","0","Female of child bearing potential","2010-12-06 07:13:11.0"
"SCREEN","GENDER","GENDCHP","1","Female of non-child bearing potential","2010-12-06 07:13:11.0"
"SCREEN","GENDER","GENDCHP","2","Male","2010-12-06 07:13:11.0"
"SCREEN","HISPLAT","YNUNOTRP","0","No","2010-12-06 07:13:11.0"
"SCREEN","HISPLAT","YNUNOTRP","1","Yes","2010-12-06 07:13:11.0"
"SCREEN","HISPLAT","YNUNOTRP","2","Unknown or not reported","2010-12-06 07:13:11.0"
"SCREEN","RAASIAN","YNUNOTRP","0","No","2010-12-06 07:13:11.0"
"SCREEN","RAASIAN","YNUNOTRP","1","Yes","2010-12-06 07:13:11.0"
"SCREEN","RAASIAN","YNUNOTRP","2","Unknown or not reported","2010-12-06 07:13:11.0"
"SCREEN","RABLACK","YNUNOTRP","0","No","2010-12-06 07:13:11.0"
"SCREEN","RABLACK","YNUNOTRP","1","Yes","2010-12-06 07:13:11.0"
"SCREEN","RABLACK","YNUNOTRP","2","Unknown or not reported","2010-12-06 07:13:11.0"
"SCREEN","RAHAWOPI","YNUNOTRP","0","No","2010-12-06 07:13:11.0"
"SCREEN","RAHAWOPI","YNUNOTRP","1","Yes","2010-12-06 07:13:11.0"
"SCREEN","RAHAWOPI","YNUNOTRP","2","Unknown or not reported","2010-12-06 07:13:11.0"
"SCREEN","RAINDALS","YNUNOTRP","0","No","2010-12-06 07:13:11.0"
"SCREEN","RAINDALS","YNUNOTRP","1","Yes","2010-12-06 07:13:11.0"
"SCREEN","RAINDALS","YNUNOTRP","2","Unknown or not reported","2010-12-06 07:13:11.0"
"SCREEN","RANOS","YNUNOTRP","0","No","2010-12-06 07:13:11.0"
"SCREEN","RANOS","YNUNOTRP","1","Yes","2010-12-06 07:13:11.0"
"SCREEN","RANOS","YNUNOTRP","2","Unknown or not reported","2010-12-06 07:13:11.0"
"SCREEN","RAWHITE","YNUNOTRP","0","No","2010-12-06 07:13:11.0"
"SCREEN","RAWHITE","YNUNOTRP","1","Yes","2010-12-06 07:13:11.0"
"SCREEN","RAWHITE","YNUNOTRP","2","Unknown or not reported","2010-12-06 07:13:11.0"
"SCREEN","REFERRAL","REFERRAL","01","Site Personnel","2010-12-06 07:13:11.0"
"SCREEN","REFERRAL","REFERRAL","02","PCP","2010-12-06 07:13:11.0"
"ALL","EVENT_ID","EVENT_ID","U05","Unscheduled Visit 05","2011-03-07 13:16:51.0"
"SCREEN","REFERRAL","REFERRAL","04","Family or Friend","2010-12-06 07:13:11.0"
"SCREEN","REFERRAL","REFERRAL","10","Newspaper/Magazine Article","2010-12-06 07:13:11.0"
"SCREEN","REFERRAL","REFERRAL","11","Newspaper/Magazine Ad","2010-12-06 07:13:11.0"
"ALL","EVENT_ID","EVENT_ID","U04","Unscheduled Visit 04","2011-03-07 13:16:51.0"
"ALL","EVENT_ID","EVENT_ID","U03","Unscheduled Visit 03","2011-03-07 13:16:51.0"
"SCREEN","REFERRAL","REFERRAL","30","Advocacy Organization","2010-12-06 07:13:11.0"
"SCREEN","REFERRAL","REFERRAL","31","Support Group","2010-12-06 07:13:11.0"
"SCREEN","REFERRAL","REFERRAL","50","Study Website","2010-12-06 07:13:11.0"
"SCREEN","REFERRAL","REFERRAL","53","Site Website","2010-12-06 07:13:11.0"
"SCREEN","REFERRAL","REFERRAL","54","Study Web Ad","2010-12-06 07:13:11.0"
"SCREEN","REFERRAL","REFERRAL","58","Clinicaltrials.gov","2010-12-06 07:13:11.0"
"SCREEN","REFERRAL","REFERRAL","59","PDtrials.org","2010-12-06 07:13:11.0"
"SCREEN","REFERRAL","REFERRAL","60","Specialist","2010-12-06 07:13:11.0"
"ALL","EVENT_ID","EVENT_ID","U02","Unscheduled Visit 02","2011-03-07 13:16:51.0"
"ALL","EVENT_ID","EVENT_ID","U01","Unscheduled Visit 01","2011-03-07 13:16:51.0"
"ALL","EVENT_ID","EVENT_ID","ST","Symptomatic Therapy","2011-03-07 13:16:51.0"
"SCREEN","REFERRAL","REFERRAL","71","MJFF Communication","2010-12-06 07:13:11.0"
"SCREEN","REFERRAL","REFERRAL","72","Another PD Subject","2010-12-06 07:13:11.0"
"SCREEN","REFERRAL","REFERRAL","80","1-800 Call center","2010-12-06 07:13:11.0"
"SCREEN","REFERRAL","REFERRAL","99","Other (specify in comments)","2010-12-06 07:13:11.0"
"SCREEN","RSNDEC","RSNDEC","01","Confidentiality issues","2010-12-06 07:13:11.0"
"SCREEN","RSNDEC","RSNDEC","03","Protocol too restrictive","2010-12-06 07:13:11.0"
"SCREEN","RSNDEC","RSNDEC","04","Protocol too time intensive","2010-12-06 07:13:11.0"
"SCREEN","RSNDEC","RSNDEC","05","Travel requirements","2010-12-06 07:13:11.0"
"SCREEN","RSNDEC","RSNDEC","06","Family advised declining","2010-12-06 07:13:11.0"
"SCREEN","RSNDEC","RSNDEC","07","Physician advised declining","2010-12-06 07:13:11.0"
"SCREEN","RSNDEC","RSNDEC","08","Enrolled in other study","2010-12-06 07:13:11.0"
"SCREEN","RSNDEC","RSNDEC","09","Not interested","2010-12-06 07:13:11.0"
"ALL","EVENT_ID","EVENT_ID","PW","Premature Withdrawal","2011-03-07 13:16:51.0"
"SCREEN","RSNDEC","RSNDEC","11","Risks of Protocol","2010-12-06 07:13:11.0"
"SCREEN","RSNDEC","RSNDEC","12","Did not agree to lumbar puncture","2010-12-06 07:13:11.0"
"SCREEN","RSNDEC","RSNDEC","99","Other (specify in comments)","2010-12-06 07:13:11.0"
"SCREEN","RSNEXC","RSNEXC","01","Exclusionary medication","2010-12-06 07:13:11.0"
"SCREEN","RSNEXC","RSNEXC","02","Other medical, psychiatric, or surgical","2010-12-06 07:13:11.0"
"SCREEN","RSNEXC","RSNEXC","03","Disease too advanced","2010-12-06 07:13:11.0"
"SCREEN","RSNEXC","RSNEXC","04","DX uncertain","2010-12-06 07:13:11.0"
"ALL","EVENT_ID","EVENT_ID","UT1","Unscheduled T1 DATSCAN F/U","2011-07-08 11:26:13.0"
"SCREEN","RSNEXC","RSNEXC","06","Did not meet other inclusion criteria","2010-12-06 07:13:11.0"
"SCREEN","RSNEXC","RSNEXC","08","Enrolled in other study","2010-12-06 07:13:11.0"
"SCREEN","RSNEXC","RSNEXC","12","Abnormal Safety Labs","2010-12-06 07:13:11.0"
"SCREEN","RSNEXC","RSNEXC","99","Other (specify in comments)","2010-12-06 07:13:11.0"
"SIG","ASSESCMP","YN","0","No","2010-12-06 07:13:11.0"
"SIG","ASSESCMP","YN","1","Yes","2010-12-06 07:13:11.0"
"SIG","COSIG","YN","0","No","2010-12-06 07:13:11.0"
"SIG","COSIG","YN","1","Yes","2010-12-06 07:13:11.0"
"SIG","INVSIG","YN","0","No","2010-12-06 07:13:11.0"
"SIG","INVSIG","YN","1","Yes","2010-12-06 07:13:11.0"
"SIG","LGAE2","LGEVENT","1","Updated log at this visit","2010-12-06 07:13:11.0"
"SIG","LGAE2","LGEVENT","2","No data updates, log not blank","2010-12-06 07:13:11.0"
"SIG","LGAE2","LGEVENT","3","No events reported, log is blank","2010-12-06 07:13:11.0"
"SIG","LGCMED2","LGCMED","1","Updated log at this visit","2010-12-06 07:13:11.0"
"SIG","LGCMED2","LGCMED","2","No data updates, log not blank","2010-12-06 07:13:11.0"
"SIG","LGCMED2","LGCMED","3","No con meds reported, log is blank","2010-12-06 07:13:11.0"
"SIG","LGCONDTN","LGCONDTN","1","Updated log at this visit","2010-12-06 07:13:11.0"
"SIG","LGCONDTN","LGCONDTN","2","No data updates, log not blank","2010-12-06 07:13:11.0"
"SIG","LGCONDTN","LGCONDTN","3","No med conditions reported, log is blank","2010-12-06 07:13:11.0"
"SIG","VISMSRSN","VISMSRSN","1","Scheduling issue with the subject","2010-12-06 07:13:11.0"
"SIG","VISMSRSN","VISMSRSN","10","Other (specify)","2010-12-06 07:13:11.0"
"SIG","VISMSRSN","VISMSRSN","11","Institutionalized","2010-12-06 07:13:11.0"
"SIG","VISMSRSN","VISMSRSN","13","Replaced by Symptomatic Therapy Visit","2010-12-06 07:13:11.0"
"SIG","VISMSRSN","VISMSRSN","2","Scheduling issue with the staff.","2010-12-06 07:13:11.0"
"SIG","VISMSRSN","VISMSRSN","3","Family / Social issues with the subject.","2010-12-06 07:13:11.0"
"SIG","VISMSRSN","VISMSRSN","4","Subject did not return phone calls","2010-12-06 07:13:11.0"
"SIG","VISMSRSN","VISMSRSN","5","Travel Distance","2010-12-06 07:13:11.0"
"SIG","VISMSRSN","VISMSRSN","6","Medical Problems","2010-12-06 07:13:11.0"
"SIG","VISMSRSN","VISMSRSN","7","Military Duty","2010-12-06 07:13:11.0"
"SIG","VISMSRSN","VISMSRSN","8","Financial Issues","2010-12-06 07:13:11.0"
"SIG","VISMSRSN","VISMSRSN","9","Lost to Follow up","2010-12-06 07:13:11.0"
"SIG","VISSTAT","VISSTAT","1","Within window / by investigator / Coord","2010-12-06 07:13:11.0"
"SIG","VISSTAT","VISSTAT","2","Within window / NOT by Invest / Coord","2010-12-06 07:13:11.0"
"SIG","VISSTAT","VISSTAT","3","Not Done (Enter Target Date in Header)","2010-12-06 07:13:11.0"
"SIG","VISSTAT","VISSTAT","4","Out of window / by Investigator / Coord","2010-12-06 07:13:11.0"
"SIG","VISSTAT","VISSTAT","5","Out of window / NOT by Invest / Coord","2010-12-06 07:13:11.0"
"SIG","VISSTAT","VISSTAT","6","Unscheduled Visit","2010-12-06 07:13:11.0"
"SIG","VISSTAT","VISSTAT","7","Other (specify)","2010-12-06 07:13:11.0"
"SOCIOECO","HANDED","HANDED","1","Right","2010-12-06 07:13:11.0"
"SOCIOECO","HANDED","HANDED","2","Left","2010-12-06 07:13:11.0"
"SOCIOECO","HANDED","HANDED","3","Mixed","2010-12-06 07:13:11.0"
"TEL","CNTACTYN","YN","0","No","2010-12-06 07:13:11.0"
"TEL","CNTACTYN","YN","1","Yes","2010-12-06 07:13:11.0"
"TEL","CNTRSN","CNTRSN","1","phone disconnected","2010-12-06 07:13:11.0"
"TEL","CNTRSN","CNTRSN","2","multiple messages","2010-12-06 07:13:11.0"
"TEL","CNTRSN","CNTRSN","3","subject moved-unable to locate","2010-12-06 07:13:11.0"
"TEL","CNTRSN","CNTRSN","5","other (specify)","2010-12-06 07:13:11.0"
"VITAL","BPARM","BPARM","1","right arm","2010-12-06 07:13:11.0"
"VITAL","BPARM","BPARM","2","left arm","2010-12-06 07:13:11.0"
"ALL","EVENT_ID","EVENT_ID","BL","Baseline","2010-12-06 07:13:10.0"
"ALL","EVENT_ID","EVENT_ID","CONSENT","Consent","2010-12-06 07:13:10.0"
"ALL","EVENT_ID","EVENT_ID","CTCCONLY","CTCC Only","2010-12-06 07:13:10.0"
"ALL","EVENT_ID","EVENT_ID","FNL","Final Visit","2010-12-06 07:13:10.0"
"ALL","EVENT_ID","EVENT_ID","LOG","Log","2010-12-06 07:13:10.0"
"ALL","EVENT_ID","EVENT_ID","RANDOM","Randomize","2010-12-06 07:13:10.0"
"ALL","EVENT_ID","EVENT_ID","SC","Screening Visit","2010-12-06 07:13:10.0"
"ALL","EVENT_ID","EVENT_ID","T06","Telephone Contact (Month 6)","2014-01-19 00:30:31.0"
"ALL","EVENT_ID","EVENT_ID","T12","Telephone Contact (Month 12)","2014-01-19 00:30:31.0"
"ALL","EVENT_ID","EVENT_ID","T15","Telephone Contact (Month 15)","2014-01-19 00:30:31.0"
"ALL","EVENT_ID","EVENT_ID","X02","Transfer Event","2014-03-16 00:30:36.0"
"ALL","EVENT_ID","EVENT_ID","V01","Visit 01 (Month 3)","2010-12-06 07:13:10.0"
"ALL","EVENT_ID","EVENT_ID","V02","Visit 02 (Month 6)","2010-12-06 07:13:10.0"
"ALL","EVENT_ID","EVENT_ID","V03","Visit 03 (Month 9)","2010-12-06 07:13:10.0"
"ALL","EVENT_ID","EVENT_ID","V04","Visit 04 (Month 12)","2010-12-06 07:13:10.0"
"ALL","EVENT_ID","EVENT_ID","V05","Visit 05 (Month 18)","2010-12-06 07:13:10.0"
"ALL","EVENT_ID","EVENT_ID","V06","Visit 06 (Month 24)","2010-12-06 07:13:10.0"
"ALL","EVENT_ID","EVENT_ID","V07","Visit 07 (Month 30)","2010-12-06 07:13:10.0"
"ALL","EVENT_ID","EVENT_ID","V08","Visit 08 (Month 36)","2010-12-06 07:13:10.0"
"ALL","EVENT_ID","EVENT_ID","V09","Visit 09 (Month 42)","2010-12-06 07:13:10.0"
"ALL","EVENT_ID","EVENT_ID","V10","Visit 10 (Month 48)","2010-12-06 07:13:10.0"
"ALL","EVENT_ID","EVENT_ID","V11","Visit 11 (Month 54)","2010-12-06 07:13:10.0"
"ALL","EVENT_ID","EVENT_ID","V12","Visit 12 (Month 60)","2010-12-06 07:13:10.0"
"WHOLEBLD","BLDCOLL","LAB","0","Not collected","2010-12-06 07:13:11.0"
"WHOLEBLD","BLDCOLL","LAB","1","Collected","2010-12-06 07:13:11.0"
"SCREEN","REFERRAL","REFERRAL","14","Radio/TV Ad","2010-12-06 07:13:11.0"
"SCREEN","REFERRAL","REFERRAL","15","Radio/TV Story","2010-12-06 07:13:11.0"
"SCREEN","REFERRAL","REFERRAL","16","Online News/Blog/Other","2010-12-06 07:13:11.0"
"SCREEN","REFERRAL","REFERRAL","17","Out of Home Ad","2010-12-06 07:13:11.0"
"SCREEN","REFERRAL","REFERRAL","18","Event","2010-12-06 07:13:11.0"
"AE","RELDSCAN","YN","0","No","2011-02-15 14:27:16.0"
"AE","RELDSCAN","YN","1","Yes","2011-02-15 14:27:16.0"
"AE","RELLP","YN","0","No","2011-02-15 14:27:16.0"
"AE","RELLP","YN","1","Yes","2011-02-15 14:27:16.0"
"AE","RELPRCDR","YN","0","No","2011-02-15 14:27:16.0"
"AE","RELPRCDR","YN","1","Yes","2011-02-15 14:27:16.0"
"CLINLAB","BLDLAB","LABP","0","Not Collected","2011-02-15 14:27:16.0"
"CLINLAB","BLDLAB","LABP","1","Collected","2011-02-15 14:27:16.0"
"CLINLAB","BLDLAB","LABP","2","Partial Collection","2011-02-15 14:27:16.0"
"CLINLAB","BLDLAB","LABP","3","Not Required","2011-02-15 14:27:16.0"
"QUIPCS","CNTRLDSM","YNNA","0","No","2011-02-15 14:27:16.0"
"QUIPCS","CNTRLDSM","YNNA","1","Yes","2011-02-15 14:27:16.0"
"QUIPCS","CNTRLDSM","YNNA","N","Not Applicable","2011-02-15 14:27:16.0"
"QUIPCS","TMDISMED","YNNA","0","No","2011-02-15 14:27:16.0"
"QUIPCS","TMDISMED","YNNA","1","Yes","2011-02-15 14:27:16.0"
"QUIPCS","TMDISMED","YNNA","N","Not Applicable","2011-02-15 14:27:16.0"
"DATSCAN","SCNLOC","SCNLOC","2","IND","2011-07-08 11:26:13.0"
"LUMBAR","RBCUNITB","BCUNITB","1","1 - Per cubic millimeter","2011-07-08 11:26:13.0"
"LUMBAR","RBCUNITB","BCUNITB","2","2 - Per microliter","2011-07-08 11:26:13.0"
"LUMBAR","RBCUNITB","BCUNITB","3","3 - Per liter","2011-07-08 11:26:13.0"
"LUMBAR","RBCUNITB","BCUNITB","4","4 - Other","2011-07-08 11:26:13.0"
"LUMBAR","WBCUNITB","BCUNITB","1","1 - Per cubic millimeter","2011-07-08 11:26:13.0"
"LUMBAR","WBCUNITB","BCUNITB","2","2 - Per microliter","2011-07-08 11:26:13.0"
"LUMBAR","WBCUNITB","BCUNITB","3","3 - Per liter","2011-07-08 11:26:13.0"
"LUMBAR","WBCUNITB","BCUNITB","4","4 - Other","2011-07-08 11:26:13.0"
"PREGNANC","PREGPRI","YNNA","0","No","2011-07-08 11:26:13.0"
"PREGNANC","PREGPRI","YNNA","1","Yes","2011-07-08 11:26:13.0"
"PREGNANC","PREGPRI","YNNA","N","Not Applicable","2011-07-08 11:26:13.0"
"SCREEN","RSNEXC","RSNEXC","13","SPECT Scan","2011-07-08 11:26:13.0"
"TAPCONCL","COMPLT","COMPLT","00","No","2011-08-14 00:30:17.0"
"TAPCONCL","COMPLT","COMPLT","01","Yes","2011-08-14 00:30:17.0"
"TAPELIG","INEX1","YN","0","No","2011-08-14 00:30:17.0"
"TAPELIG","INEX1","YN","1","Yes","2011-08-14 00:30:17.0"
"TAPELIG","INEX2","YN","0","No","2011-08-14 00:30:17.0"
"TAPELIG","INEX2","YN","1","Yes","2011-08-14 00:30:17.0"
"TAPELIG","INEX3","YN","0","No","2011-08-14 00:30:17.0"
"TAPELIG","INEX3","YN","1","Yes","2011-08-14 00:30:17.0"
"TAPELIG","INEX4","YN","0","No","2011-08-14 00:30:17.0"
"TAPELIG","INEX4","YN","1","Yes","2011-08-14 00:30:17.0"
"TAPELIG","INEX5","YN","0","No","2011-08-14 00:30:17.0"
"TAPELIG","INEX5","YN","1","Yes","2011-08-14 00:30:17.0"
"TAPELIG","INEX6","YN","0","No","2011-08-14 00:30:17.0"
"TAPELIG","INEX6","YN","1","Yes","2011-08-14 00:30:17.0"
"TAPOPDM","DIGITOGR","YN","0","No","2011-08-14 00:30:17.0"
"TAPOPDM","DIGITOGR","YN","1","Yes","2011-08-14 00:30:17.0"
"TAPOPDM","OPDMCMPL","YN","0","No","2011-08-14 00:30:17.0"
"TAPOPDM","OPDMCMPL","YN","1","Yes","2011-08-14 00:30:17.0"
"TAPOPDM","PACKEYBD","YN","0","No","2011-08-14 00:30:17.0"
"TAPOPDM","PACKEYBD","YN","1","Yes","2011-08-14 00:30:17.0"
"TAPOPDM","PEGBRD","YN","0","No","2011-08-14 00:30:17.0"
"TAPOPDM","PEGBRD","YN","1","Yes","2011-08-14 00:30:17.0"
"TAPOPDM","XFRYN","YN","0","No","2011-08-14 00:30:17.0"
"TAPOPDM","XFRYN","YN","1","Yes","2011-08-14 00:30:17.0"
"TAPUSE","AFFPPMI","NEGPOS5","0","A lot more negative","2011-08-14 00:30:17.0"
"TAPUSE","AFFPPMI","NEGPOS5","1","A little more negative","2011-08-14 00:30:17.0"
"TAPUSE","AFFPPMI","NEGPOS5","2","No change","2011-08-14 00:30:17.0"
"TAPUSE","AFFPPMI","NEGPOS5","3","A little more positive","2011-08-14 00:30:17.0"
"TAPUSE","AFFPPMI","NEGPOS5","4","A lot more positive","2011-08-14 00:30:17.0"
"TAPUSE","CONFCORR","NOT0VERY","0","Not at all","2011-08-14 00:30:17.0"
"TAPUSE","CONFCORR","NOT0VERY","1","A little","2011-08-14 00:30:17.0"
"TAPUSE","CONFCORR","NOT0VERY","2","Moderately","2011-08-14 00:30:17.0"
"TAPUSE","CONFCORR","NOT0VERY","3","Very","2011-08-14 00:30:17.0"
"TAPUSE","FITSCHED","EASYVDIF","0","Easy","2011-08-14 00:30:17.0"
"TAPUSE","FITSCHED","EASYVDIF","1","A little trouble","2011-08-14 00:30:17.0"
"TAPUSE","FITSCHED","EASYVDIF","2","Moderately difficult","2011-08-14 00:30:17.0"
"TAPUSE","FITSCHED","EASYVDIF","3","Very difficult","2011-08-14 00:30:17.0"
"TAPUSE","NDREMIND","NOTOFT","0","Not at all","2011-08-14 00:30:17.0"
"TAPUSE","NDREMIND","NOTOFT","1","Rarely","2011-08-14 00:30:17.0"
"TAPUSE","NDREMIND","NOTOFT","2","Sometimes","2011-08-14 00:30:17.0"
"TAPUSE","NDREMIND","NOTOFT","3","Often","2011-08-14 00:30:17.0"
"TAPUSE","UNDRSDIR","NOT0VERY","0","Not at all","2011-08-14 00:30:17.0"
"TAPUSE","UNDRSDIR","NOT0VERY","1","A little","2011-08-14 00:30:17.0"
"TAPUSE","UNDRSDIR","NOT0VERY","2","Moderately","2011-08-14 00:30:17.0"
"TAPUSE","UNDRSDIR","NOT0VERY","3","Very","2011-08-14 00:30:17.0"
"ALL","EVENT_ID","EVENT_ID","TAPFNL","TAP Final","2011-08-28 00:30:16.0"
"SCREEN","APPRDX","APPRDX","3","SWEDD","2011-08-28 00:30:17.0"
"ALL","EVENT_ID","EVENT_ID","STC","Symptomatic Therapy Telephone Call","2011-09-11 00:30:17.0"
"CLINDX","CLDXCHNG","YN","0","No","2011-09-11 00:30:17.0"
"CLINDX","CLDXCHNG","YN","1","Yes","2011-09-11 00:30:17.0"
"CLINDX","DCBRADY","YN","0","No","2011-09-11 00:30:17.0"
"CLINDX","DCBRADY","YN","1","Yes","2011-09-11 00:30:17.0"
"CLINDX","DCNOMTR","YN","0","No","2011-09-11 00:30:17.0"
"CLINDX","DCNOMTR","YN","1","Yes","2011-09-11 00:30:17.0"
"CLINDX","DCRIGID","YN","0","No","2011-09-11 00:30:17.0"
"CLINDX","DCRIGID","YN","1","Yes","2011-09-11 00:30:17.0"
"CLINDX","DCRTREM","YN","0","No","2011-09-11 00:30:17.0"
"CLINDX","DCRTREM","YN","1","Yes","2011-09-11 00:30:17.0"
"CLINDX","DFOTH","YN","0","No","2011-09-11 00:30:17.0"
"CLINDX","DFOTH","YN","1","Yes","2011-09-11 00:30:17.0"
"CLINDX","DFPGDIST","YN","0","No","2011-09-11 00:30:17.0"
"CLINDX","DFPGDIST","YN","1","Yes","2011-09-11 00:30:17.0"
"CLINDX","DXFCLSGN","YN","0","No","2011-09-11 00:30:17.0"
"CLINDX","DXFCLSGN","YN","1","Yes","2011-09-11 00:30:17.0"
"CLINDX","DXFDTIMG","YN","0","No","2011-09-11 00:30:17.0"
"CLINDX","DXFDTIMG","YN","1","Yes","2011-09-11 00:30:17.0"
"CLINDX","DXFNATHX","YN","0","No","2011-09-11 00:30:17.0"
"CLINDX","DXFNATHX","YN","1","Yes","2011-09-11 00:30:17.0"
"CLINDX","DXFOTH","YN","0","No","2011-09-11 00:30:17.0"
"CLINDX","DXFOTH","YN","1","Yes","2011-09-11 00:30:17.0"
"CLINDX","DXFRSPMD","YN","0","No","2011-09-11 00:30:17.0"
"CLINDX","DXFRSPMD","YN","1","Yes","2011-09-11 00:30:17.0"
"CLINDX","MNGCHNG","YN","0","No","2011-09-11 00:30:17.0"
"CLINDX","MNGCHNG","YN","1","Yes","2011-09-11 00:30:17.0"
"CLINDX","MNGDXTST","YN","0","No","2011-09-11 00:30:17.0"
"CLINDX","MNGDXTST","YN","1","Yes","2011-09-11 00:30:17.0"
"CLINDX","MNGNOTRT","YN","0","No","2011-09-11 00:30:17.0"
"CLINDX","MNGNOTRT","YN","1","Yes","2011-09-11 00:30:17.0"
"CLINDX","MNGTRIAL","YN","0","No","2011-09-11 00:30:17.0"
"CLINDX","MNGTRIAL","YN","1","Yes","2011-09-11 00:30:17.0"
"CLINDX","MNGTRTOT","YN","0","No","2011-09-11 00:30:17.0"
"CLINDX","MNGTRTOT","YN","1","Yes","2011-09-11 00:30:17.0"
"CLINDX","MNGTRTSX","YN","0","No","2011-09-11 00:30:17.0"
"CLINDX","MNGTRTSX","YN","1","Yes","2011-09-11 00:30:17.0"
"CLINDX","OTNEURVS","YN","0","No","2011-09-11 00:30:17.0"
"CLINDX","OTNEURVS","YN","1","Yes","2011-09-11 00:30:17.0"
"CLINDX","PRIMDIAG","PRIMDIAG","01","Idiopathic PD","2011-09-11 00:30:17.0"
"CLINDX","PRIMDIAG","PRIMDIAG","02","Alzheimer's disease","2011-09-11 00:30:17.0"
"CLINDX","PRIMDIAG","PRIMDIAG","03","Chromosome-17 frontotemporal dementia","2011-09-11 00:30:17.0"
"CLINDX","PRIMDIAG","PRIMDIAG","04","Corticobasal degeneration","2011-09-11 00:30:17.0"
"CLINDX","PRIMDIAG","PRIMDIAG","05","Dementia with Lewy bodies","2011-09-11 00:30:17.0"
"CLINDX","PRIMDIAG","PRIMDIAG","06","Dopa-responsive dystonia","2011-09-11 00:30:17.0"
"CLINDX","PRIMDIAG","PRIMDIAG","07","Essential tremor","2011-09-11 00:30:17.0"
"CLINDX","PRIMDIAG","PRIMDIAG","08","Hemiparkinson/hemiatrophy syndrome","2011-09-11 00:30:17.0"
"CLINDX","PRIMDIAG","PRIMDIAG","09","Juv. autosomal recessive parkinsonism","2011-09-11 00:30:17.0"
"CLINDX","PRIMDIAG","PRIMDIAG","10","Motor neuron disease with parkinsonism","2011-09-11 00:30:17.0"
"CLINDX","PRIMDIAG","PRIMDIAG","11","Multiple system atrophy","2011-09-11 00:30:17.0"
"CLINDX","PRIMDIAG","PRIMDIAG","12","Neuroleptic-induced parkinsonism","2011-09-11 00:30:17.0"
"CLINDX","PRIMDIAG","PRIMDIAG","13","Normal pressure hydrocephalus","2011-09-11 00:30:17.0"
"CLINDX","PRIMDIAG","PRIMDIAG","14","Progressive supranuclear palsy","2011-09-11 00:30:17.0"
"CLINDX","PRIMDIAG","PRIMDIAG","15","Psychogenic illness","2011-09-11 00:30:17.0"
"CLINDX","PRIMDIAG","PRIMDIAG","16","Vascular parkinsonism","2011-09-11 00:30:17.0"
"CLINDX","PRIMDIAG","PRIMDIAG","17","No PD nor other neurological disorder","2011-09-11 00:30:17.0"
"CLINDX","PRIMDIAG","PRIMDIAG","18","Spinocerebellar Ataxia (SCA)","2011-09-11 00:30:17.0"
"CLINDX","PRIMDIAG","PRIMDIAG","97","Other neurological disorder(s) (specify)","2011-09-11 00:30:17.0"
"CLINDX","PSLVL","PSLVL","1","Motor abnormalities likely PS (90-100%)","2011-09-11 00:30:17.0"
"CLINDX","PSLVL","PSLVL","2","Motor abnormalities may be PS (50-89%)","2011-09-11 00:30:17.0"
"CLINDX","PSLVL","PSLVL","3","Non-specific motor abnormalities(10-49%)","2011-09-11 00:30:17.0"
"CLINDX","PSLVL","PSLVL","4","No evidence of park. motor signs (0-9%)","2011-09-11 00:30:17.0"
"ALL","EVENT_ID","EVENT_ID","UT2","Unscheduled T2 DATSCAN F/U","2011-10-16 00:30:17.0"
"ALL","EVENT_ID","EVENT_ID","RS1","Re-Screen","2011-09-30 07:58:42.0"
"SCOPAAUT","SCAU1","SCOPA","0","never","2012-01-09 08:45:02.0"
"SCOPAAUT","SCAU10","SCOPACAT","0","never","2012-01-09 08:45:02.0"
"SCOPAAUT","SCAU11","SCOPACAT","0","never","2012-01-09 08:45:02.0"
"SCOPAAUT","SCAU12","SCOPACAT","0","never","2012-01-09 08:45:02.0"
"SCOPAAUT","SCAU13","SCOPACAT","0","never","2012-01-09 08:45:02.0"
"SCOPAAUT","SCAU14","SCOPA","0","never","2012-01-09 08:45:02.0"
"SCOPAAUT","SCAU15","SCOPA","0","never","2012-01-09 08:45:02.0"
"SCOPAAUT","SCAU16","SCOPA","0","never","2012-01-09 08:45:02.0"
"SCOPAAUT","SCAU17","SCOPA","0","never","2012-01-09 08:45:02.0"
"SCOPAAUT","SCAU18","SCOPA","0","never","2012-01-09 08:45:02.0"
"SCOPAAUT","SCAU19","SCOPA","0","never","2012-01-09 08:45:02.0"
"SCOPAAUT","SCAU2","SCOPA","0","never","2012-01-09 08:45:02.0"
"SCOPAAUT","SCAU20","SCOPA","0","never","2012-01-09 08:45:02.0"
"SCOPAAUT","SCAU21","SCOPA","0","never","2012-01-09 08:45:02.0"
"SCOPAAUT","SCAU22","SCOPANA","0","never","2012-01-09 08:45:02.0"
"SCOPAAUT","SCAU23","SCOPANA","0","never","2012-01-09 08:45:02.0"
"SCOPAAUT","SCAU24","SCOPANA","0","never","2012-01-09 08:45:02.0"
"SCOPAAUT","SCAU25","SCOPANA","0","never","2012-01-09 08:45:02.0"
"SCOPAAUT","SCAU3","SCOPA","0","never","2012-01-09 08:45:02.0"
"SCOPAAUT","SCAU4","SCOPA","0","never","2012-01-09 08:45:02.0"
"SCOPAAUT","SCAU5","SCOPA","0","never","2012-01-09 08:45:02.0"
"SCOPAAUT","SCAU6","SCOPA","0","never","2012-01-09 08:45:02.0"
"SCOPAAUT","SCAU7","SCOPA","0","never","2012-01-09 08:45:02.0"
"SCOPAAUT","SCAU8","SCOPACAT","0","never","2012-01-09 08:45:02.0"
"SCOPAAUT","SCAU9","SCOPACAT","0","never","2012-01-09 08:45:02.0"
"DIAGFEAT","DFAXRIG","YN","1","Yes","2012-06-10 00:25:43.0"
"DIAGFEAT","DFBRADYA","YN","0","No","2012-06-10 00:25:43.0"
"DIAGFEAT","DFBRADYA","YN","1","Yes","2012-06-10 00:25:43.0"
"DIAGFEAT","DFBRADYP","YN","0","No","2012-06-10 00:25:43.0"
"DIAGFEAT","DFBRADYP","YN","1","Yes","2012-06-10 00:25:43.0"
"DIAGFEAT","DFBRPLUS","YN","0","No","2012-06-10 00:25:43.0"
"DIAGFEAT","DFBRPLUS","YN","1","Yes","2012-06-10 00:25:43.0"
"DIAGFEAT","DFBULBAR","YN","0","No","2012-06-10 00:25:43.0"
"DIAGFEAT","DFBULBAR","YN","1","Yes","2012-06-10 00:25:43.0"
"DIAGFEAT","DFBWLDYS","YN","0","No","2012-06-10 00:25:43.0"
"DIAGFEAT","DFBWLDYS","YN","1","Yes","2012-06-10 00:25:43.0"
"DIAGFEAT","DFCHOREA","YN","0","No","2012-06-10 00:25:43.0"
"DIAGFEAT","DFCHOREA","YN","1","Yes","2012-06-10 00:25:43.0"
"DIAGFEAT","DFCOGNIT","YN","0","No","2012-06-10 00:25:43.0"
"DIAGFEAT","DFCOGNIT","YN","1","Yes","2012-06-10 00:25:43.0"
"DIAGFEAT","DFCTSCAN","YNNA","0","No","2012-06-10 00:25:43.0"
"DIAGFEAT","DFCTSCAN","YNNA","1","Yes","2012-06-10 00:25:43.0"
"DIAGFEAT","DFCTSCAN","YNNA","N","Not Applicable","2012-06-10 00:25:43.0"
"DIAGFEAT","DFDOPRSP","YNNA","0","No","2012-06-10 00:25:43.0"
"DIAGFEAT","DFDOPRSP","YNNA","1","Yes","2012-06-10 00:25:43.0"
"DIAGFEAT","DFDOPRSP","YNNA","N","Not Applicable","2012-06-10 00:25:43.0"
"DIAGFEAT","DFDYSTON","YN","0","No","2012-06-10 00:25:43.0"
"DIAGFEAT","DFDYSTON","YN","1","Yes","2012-06-10 00:25:43.0"
"DIAGFEAT","DFEYELID","YN","0","No","2012-06-10 00:25:43.0"
"DIAGFEAT","DFEYELID","YN","1","Yes","2012-06-10 00:25:43.0"
"DIAGFEAT","DFFALLS","YN","0","No","2012-06-10 00:25:43.0"
"DIAGFEAT","DFFALLS","YN","1","Yes","2012-06-10 00:25:43.0"
"DIAGFEAT","DFFREEZ","YN","0","No","2012-06-10 00:25:43.0"
"DIAGFEAT","DFFREEZ","YN","1","Yes","2012-06-10 00:25:43.0"
"DIAGFEAT","DFGAIT","YN","0","No","2012-06-10 00:25:43.0"
"DIAGFEAT","DFGAIT","YN","1","Yes","2012-06-10 00:25:43.0"
"DIAGFEAT","DFHEMPRK","YN","0","No","2012-06-10 00:25:43.0"
"DIAGFEAT","DFHEMPRK","YN","1","Yes","2012-06-10 00:25:43.0"
"DIAGFEAT","DFHEMTRO","YN","0","No","2012-06-10 00:25:43.0"
"DIAGFEAT","DFHEMTRO","YN","1","Yes","2012-06-10 00:25:43.0"
"DIAGFEAT","DFMRI","YNNA","0","No","2012-06-10 00:25:43.0"
"DIAGFEAT","DFMRI","YNNA","1","Yes","2012-06-10 00:25:43.0"
"DIAGFEAT","DFMRI","YNNA","N","Not Applicable","2012-06-10 00:25:43.0"
"DIAGFEAT","DFMYOCLO","YN","0","No","2012-06-10 00:25:43.0"
"DIAGFEAT","DFMYOCLO","YN","1","Yes","2012-06-10 00:25:43.0"
"DIAGFEAT","DFNEURAB","YN","0","No","2012-06-10 00:25:43.0"
"DIAGFEAT","DFNEURAB","YN","1","Yes","2012-06-10 00:25:43.0"
"DIAGFEAT","DFOCULO","YN","0","No","2012-06-10 00:25:43.0"
"DIAGFEAT","DFOCULO","YN","1","Yes","2012-06-10 00:25:43.0"
"DIAGFEAT","DFOTHABR","YN","0","No","2012-06-10 00:25:43.0"
"DIAGFEAT","DFOTHABR","YN","1","Yes","2012-06-10 00:25:43.0"
"DIAGFEAT","DFOTHCRS","YN","0","No","2012-06-10 00:25:43.0"
"DIAGFEAT","DFOTHCRS","YN","1","Yes","2012-06-10 00:25:43.0"
"DIAGFEAT","DFOTHHYP","YN","0","No","2012-06-10 00:25:43.0"
"DIAGFEAT","DFOTHHYP","YN","1","Yes","2012-06-10 00:25:43.0"
"DIAGFEAT","DFOTHPG","YN","0","No","2012-06-10 00:25:43.0"
"DIAGFEAT","DFOTHPG","YN","1","Yes","2012-06-10 00:25:43.0"
"DIAGFEAT","DFOTHRIG","YN","0","No","2012-06-10 00:25:43.0"
"DIAGFEAT","DFOTHRIG","YN","1","Yes","2012-06-10 00:25:43.0"
"DIAGFEAT","DFOTHTRM","YN","0","No","2012-06-10 00:25:43.0"
"DIAGFEAT","DFOTHTRM","YN","1","Yes","2012-06-10 00:25:43.0"
"DIAGFEAT","DFPATREM","YN","0","No","2012-06-10 00:25:43.0"
"DIAGFEAT","DFPATREM","YN","1","Yes","2012-06-10 00:25:43.0"
"DIAGFEAT","DFPGDIST","YN","0","No","2012-06-10 00:25:43.0"
"DIAGFEAT","DFPGDIST","YN","1","Yes","2012-06-10 00:25:43.0"
"DIAGFEAT","DFPRESNT","YN","0","No","2012-06-10 00:25:43.0"
"DIAGFEAT","DFPRESNT","YN","1","Yes","2012-06-10 00:25:43.0"
"DIAGFEAT","DFPSHYPO","YN","0","No","2012-06-10 00:25:43.0"
"DIAGFEAT","DFPSHYPO","YN","1","Yes","2012-06-10 00:25:43.0"
"DIAGFEAT","DFPSYCH","YN","0","No","2012-06-10 00:25:43.0"
"DIAGFEAT","DFPSYCH","YN","1","Yes","2012-06-10 00:25:43.0"
"DIAGFEAT","DFRAPSPE","YN","0","No","2012-06-10 00:25:43.0"
"DIAGFEAT","DFRAPSPE","YN","1","Yes","2012-06-10 00:25:43.0"
"DIAGFEAT","DFRIGIDA","YN","0","No","2012-06-10 00:25:43.0"
"DIAGFEAT","DFRIGIDA","YN","1","Yes","2012-06-10 00:25:43.0"
"DIAGFEAT","DFRIGIDP","YN","0","No","2012-06-10 00:25:43.0"
"DIAGFEAT","DFRIGIDP","YN","1","Yes","2012-06-10 00:25:43.0"
"DIAGFEAT","DFRPROG","YN","0","No","2012-06-10 00:25:43.0"
"DIAGFEAT","DFRPROG","YN","1","Yes","2012-06-10 00:25:43.0"
"DIAGFEAT","DFRSKFCT","YN","0","No","2012-06-10 00:25:43.0"
"DIAGFEAT","DFRSKFCT","YN","1","Yes","2012-06-10 00:25:43.0"
"DIAGFEAT","DFRTREMA","YN","0","No","2012-06-10 00:25:43.0"
"DIAGFEAT","DFRTREMA","YN","1","Yes","2012-06-10 00:25:43.0"
"DIAGFEAT","DFRTREMP","YN","0","No","2012-06-10 00:25:43.0"
"DIAGFEAT","DFRTREMP","YN","1","Yes","2012-06-10 00:25:43.0"
"DIAGFEAT","DFSEXDYS","YN","0","No","2012-06-10 00:25:43.0"
"DIAGFEAT","DFSEXDYS","YN","1","Yes","2012-06-10 00:25:43.0"
"DIAGFEAT","DFSTATIC","YN","0","No","2012-06-10 00:25:43.0"
"DIAGFEAT","DFSTATIC","YN","1","Yes","2012-06-10 00:25:43.0"
"DIAGFEAT","DFSTROKE","YN","0","No","2012-06-10 00:25:43.0"
"DIAGFEAT","DFSTROKE","YN","1","Yes","2012-06-10 00:25:43.0"
"DIAGFEAT","DFTONE","YN","0","No","2012-06-10 00:25:43.0"
"DIAGFEAT","DFTONE","YN","1","Yes","2012-06-10 00:25:43.0"
"DIAGFEAT","DFUNIRIG","YN","0","No","2012-06-10 00:25:43.0"
"DIAGFEAT","DFUNIRIG","YN","1","Yes","2012-06-10 00:25:43.0"
"DIAGFEAT","DFURDYS","YN","0","No","2012-06-10 00:25:43.0"
"DIAGFEAT","DFURDYS","YN","1","Yes","2012-06-10 00:25:43.0"
"HVLT","HVLTVRSN","HVLTVRSN","1","Form 1","2012-06-10 00:25:43.0"
"HVLT","HVLTVRSN","HVLTVRSN","2","Form 2","2012-06-10 00:25:43.0"
"HVLT","HVLTVRSN","HVLTVRSN","3","Form 3","2012-06-10 00:25:43.0"
"HVLT","HVLTVRSN","HVLTVRSN","4","Form 4","2012-06-10 00:25:43.0"
"HVLT","HVLTVRSN","HVLTVRSN","5","Form 5","2012-06-10 00:25:43.0"
"HVLT","HVLTVRSN","HVLTVRSN","6","Form 6","2012-06-10 00:25:43.0"
"LAB","FASTSTAT","FASTSTAT","1","Fasted (minimum of 8 hours)","2012-06-27 05:52:39.0"
"LAB","FASTSTAT","FASTSTAT","2","Low Fat Diet","2012-06-10 00:25:43.0"
"LAB","FASTSTAT","FASTSTAT","3","Not Fasted, No Low Fat Diet","2012-06-10 00:25:43.0"
"LUMBAR","CSFCOLL","LABATMP","0","Not Done","2012-06-10 00:25:43.0"
"LUMBAR","CSFCOLL","LABATMP","1","Collected","2012-06-10 00:25:43.0"
"LUMBAR","CSFCOLL","LABATMP","2","Partial Collection","2012-06-10 00:25:43.0"
"LUMBAR","CSFCOLL","LABATMP","3","Attempted, no collection","2012-06-10 00:25:43.0"
"LUMBAR","FASTSTAT","FASTSTAT","1","Fasted (minimum of 8 hours)","2012-06-27 05:52:39.0"
"LUMBAR","FASTSTAT","FASTSTAT","2","Low Fat Diet","2012-06-10 00:25:43.0"
"LUMBAR","FASTSTAT","FASTSTAT","3","Not Fasted, No Low Fat Diet","2012-06-10 00:25:43.0"
"MRI","MRIWRSS","YN","0","No","2012-06-10 00:25:43.0"
"MRI","MRIWRSS","YN","1","Yes","2012-06-10 00:25:43.0"
"SCREEN","REFERRAL","REFERRAL","73","Fox Trial Finder","2012-06-10 00:25:44.0"
"SDM","SDMTVRSN","SDMTVRSN","1","Form 1","2012-06-10 00:25:44.0"
"SDM","SDMTVRSN","SDMTVRSN","2","Form 2","2012-06-10 00:25:44.0"
"ALL","EVENT_ID","EVENT_ID","AV3","Unscheduled Telephone AV-133","2012-09-16 00:30:22.0"
"ALL","EVENT_ID","EVENT_ID","AV4","Unscheduled Telephone AV-133","2012-09-16 00:30:22.0"
"AE","RELAV133","YN","0","No","2012-09-16 00:30:22.0"
"AE","RELAV133","YN","1","Yes","2012-09-16 00:30:22.0"
"AVELIG","INEX1","YN","0","No","2012-09-16 00:30:22.0"
"AVELIG","INEX1","YN","1","Yes","2012-09-16 00:30:22.0"
"AVELIG","INEX2","YN","0","No","2012-09-16 00:30:22.0"
"AVELIG","INEX2","YN","1","Yes","2012-09-16 00:30:22.0"
"AVELIG","INEX3","YN","0","No","2012-09-16 00:30:22.0"
"AVELIG","INEX3","YN","1","Yes","2012-09-16 00:30:22.0"
"AVELIG","INEX4","YN","0","No","2012-09-16 00:30:22.0"
"AVELIG","INEX4","YN","1","Yes","2012-09-16 00:30:22.0"
"AVELIG","INEX5","YN","0","No","2012-09-16 00:30:22.0"
"AVELIG","INEX5","YN","1","Yes","2012-09-16 00:30:22.0"
"AVELIG","INEX6","YN","0","No","2012-09-16 00:30:22.0"
"AVELIG","INEX6","YN","1","Yes","2012-09-16 00:30:22.0"
"AVELIG","INEX7","YN","0","No","2012-09-16 00:30:22.0"
"AVELIG","INEX7","YN","1","Yes","2012-09-16 00:30:22.0"
"AVIMAG","INVEVLAF","YN","0","No","2012-09-16 00:30:22.0"
"AVIMAG","INVEVLAF","YN","1","Yes","2012-09-16 00:30:22.0"
"AVIMAG","INVEVLBF","YN","0","No","2012-09-16 00:30:22.0"
"AVIMAG","INVEVLBF","YN","1","Yes","2012-09-16 00:30:22.0"
"AVIMAG","PETCMPLT","CMPLT2","0","Not Completed","2012-09-16 00:30:22.0"
"AVIMAG","PETCMPLT","CMPLT2","1","Completed","2012-09-16 00:30:22.0"
"AVIMAG","SPREGPRF","YNNA","0","No","2012-09-16 00:30:22.0"
"AVIMAG","SPREGPRF","YNNA","1","Yes","2012-09-16 00:30:22.0"
"AVIMAG","SPREGPRF","YNNA","N","Not Applicable","2012-09-16 00:30:22.0"
"AVIMAG","SPRGCNBF","YN","0","No","2012-09-16 00:30:22.0"
"AVIMAG","SPRGCNBF","YN","1","Yes","2012-09-16 00:30:22.0"
"AVIMAG","SPRGRSLT","POSNEG01","0","Negative","2012-09-16 00:30:22.0"
"AVIMAG","SPRGRSLT","POSNEG01","1","Positive","2012-09-16 00:30:22.0"
"AVIMAG","UPREGPRF","YNNA","0","No","2012-09-16 00:30:22.0"
"AVIMAG","UPREGPRF","YNNA","1","Yes","2012-09-16 00:30:22.0"
"AVIMAG","UPREGPRF","YNNA","N","Not Applicable","2012-09-16 00:30:22.0"
"AVIMAG","UPRGCNBF","YN","0","No","2012-09-16 00:30:22.0"
"AVIMAG","UPRGCNBF","YN","1","Yes","2012-09-16 00:30:22.0"
"AVIMAG","UPRGRSLT","POSNEG01","0","Negative","2012-09-16 00:30:22.0"
"AVIMAG","UPRGRSLT","POSNEG01","1","Positive","2012-09-16 00:30:22.0"
"AVIMAG","VMATRSLT","VMATRSLT","1","Consistent with VMAT-2 deficit","2012-09-16 00:30:22.0"
"AVIMAG","VMATRSLT","VMATRSLT","2","Not consistent with VMAT-2 deficit","2012-09-16 00:30:22.0"
"AVIMAG","XFRYN","YN","0","No","2012-09-16 00:30:22.0"
"AVIMAG","XFRYN","YN","1","Yes","2012-09-16 00:30:22.0"
"INEX","INEX12","YN","0","No","2013-02-24 00:30:24.0"
"INEX","INEX12","YN","1","Yes","2013-02-24 00:30:24.0"
"INEX","INEX13","YN","0","No","2013-02-24 00:30:24.0"
"INEX","INEX13","YN","1","Yes","2013-02-24 00:30:24.0"
"INEX","INEX36","YN","0","No","2013-02-24 00:30:24.0"
"INEX","INEX36","YN","1","Yes","2013-02-24 00:30:24.0"
"INEX","INEX37","YN","0","No","2013-02-24 00:30:24.0"
"INEX","INEX37","YN","1","Yes","2013-02-24 00:30:24.0"
"INEX","INEX38","YN","0","No","2013-02-24 00:30:24.0"
"INEX","INEX38","YN","1","Yes","2013-02-24 00:30:24.0"
"INEX","INEX39","YN","0","No","2013-02-24 00:30:24.0"
"INEX","INEX39","YN","1","Yes","2013-02-24 00:30:24.0"
"PASEHSWK","CAREGVR","YN1NO2YS","1","No","2013-02-24 00:30:24.0"
"PASEHSWK","CAREGVR","YN1NO2YS","2","Yes","2013-02-24 00:30:24.0"
"PASEHSWK","HMREPR","YN1NO2YS","1","No","2013-02-24 00:30:24.0"
"PASEHSWK","HMREPR","YN1NO2YS","2","Yes","2013-02-24 00:30:24.0"
"PASEHSWK","HVYHSWRK","YN1NO2YS","1","No","2013-02-24 00:30:24.0"
"PASEHSWK","HVYHSWRK","YN1NO2YS","2","Yes","2013-02-24 00:30:24.0"
"PASEHSWK","LAWNWRK","YN1NO2YS","1","No","2013-02-24 00:30:24.0"
"PASEHSWK","LAWNWRK","YN1NO2YS","2","Yes","2013-02-24 00:30:24.0"
"PASEHSWK","LTHSWRK","YN1NO2YS","1","No","2013-02-24 00:30:24.0"
"PASEHSWK","LTHSWRK","YN1NO2YS","2","Yes","2013-02-24 00:30:24.0"
"PASEHSWK","OUTGARDN","YN1NO2YS","1","No","2013-02-24 00:30:24.0"
"PASEHSWK","OUTGARDN","YN1NO2YS","2","Yes","2013-02-24 00:30:24.0"
"PASEHSWK","WRKVL","YN1NO2YS","1","No","2013-02-24 00:30:24.0"
"PASEHSWK","WRKVL","YN1NO2YS","2","Yes","2013-02-24 00:30:24.0"
"PASEHSWK","WRKVLACT","WRKACT","1","Mainly sitting with slight arm movement","2013-02-24 00:30:24.0"
"PASEHSWK","WRKVLACT","WRKACT","2","Sitting or standing with some walking","2013-02-24 00:30:24.0"
"PASEHSWK","WRKVLACT","WRKACT","3","Walking with some lifting (< 50 lbs)","2013-02-24 00:30:24.0"
"PASEHSWK","WRKVLACT","WRKACT","4","Walking, heavy manual work (>50 lbs)","2013-02-24 00:30:24.0"
"PASELS","ACTVOFT","NEVOFT","0","Never","2013-02-24 00:30:24.0"
"PASELS","ACTVOFT","NEVOFT","1","Seldom","2013-02-24 00:30:24.0"
"PASELS","ACTVOFT","NEVOFT","2","Sometimes","2013-02-24 00:30:24.0"
"PASELS","ACTVOFT","NEVOFT","3","Often","2013-02-24 00:30:24.0"
"PASELS","HRDAYFRQ","HRDAYFRQ","1","Less than 1 hour","2013-02-24 00:30:24.0"
"PASELS","HRDAYFRQ","HRDAYFRQ","2","1 but less than 2 hours","2013-02-24 00:30:24.0"
"PASELS","HRDAYFRQ","HRDAYFRQ","3","2-4 hours","2013-02-24 00:30:24.0"
"PASELS","HRDAYFRQ","HRDAYFRQ","4","More than 4 hours","2013-02-24 00:30:24.0"
"PRODDIAG","PRIMDIAG","PRIMDIA2","01","Idiopathic PD","2013-02-24 00:30:24.0"
"PRODDIAG","PRIMDIAG","PRIMDIA2","02","Alzheimer's disease","2013-02-24 00:30:24.0"
"PRODDIAG","PRIMDIAG","PRIMDIA2","03","Chromosome-17 frontotemporal dementia","2013-02-24 00:30:24.0"
"PRODDIAG","PRIMDIAG","PRIMDIA2","04","Corticobasal degeneration","2013-02-24 00:30:24.0"
"PRODDIAG","PRIMDIAG","PRIMDIA2","05","Dementia with Lewy bodies","2013-02-24 00:30:24.0"
"PRODDIAG","PRIMDIAG","PRIMDIA2","06","Dopa-responsive dystonia","2013-02-24 00:30:24.0"
"PRODDIAG","PRIMDIAG","PRIMDIA2","07","Essential tremor","2013-02-24 00:30:24.0"
"PRODDIAG","PRIMDIAG","PRIMDIA2","08","Hemiparkinson/hemiatrophy syndrome","2013-02-24 00:30:24.0"
"PRODDIAG","PRIMDIAG","PRIMDIA2","09","Juv. autosomal recessive parkinsonism","2013-02-24 00:30:24.0"
"PRODDIAG","PRIMDIAG","PRIMDIA2","10","Motor neuron disease with parkinsonism","2013-02-24 00:30:24.0"
"PRODDIAG","PRIMDIAG","PRIMDIA2","11","Multiple system atrophy","2013-02-24 00:30:24.0"
"PRODDIAG","PRIMDIAG","PRIMDIA2","12","Neuroleptic-induced parkinsonism","2013-02-24 00:30:24.0"
"PRODDIAG","PRIMDIAG","PRIMDIA2","13","Normal pressure hydrocephalus","2013-02-24 00:30:24.0"
"PRODDIAG","PRIMDIAG","PRIMDIA2","14","Progressive supranuclear palsy","2013-02-24 00:30:24.0"
"PRODDIAG","PRIMDIAG","PRIMDIA2","15","Psychogenic illness","2013-02-24 00:30:24.0"
"PRODDIAG","PRIMDIAG","PRIMDIA2","16","Vascular parkinsonism","2013-02-24 00:30:24.0"
"PRODDIAG","PRIMDIAG","PRIMDIA2","17","No PD nor other neurological disorder","2013-02-24 00:30:24.0"
"PRODDIAG","PRIMDIAG","PRIMDIA2","18","Spinocerebellar Ataxia (SCA)","2013-02-24 00:30:24.0"
"PRODDIAG","PRIMDIAG","PRIMDIA2","23","Prodromal non-motor PD","2013-02-24 00:30:24.0"
"PRODDIAG","PRIMDIAG","PRIMDIA2","24","Prodromal motor PD","2013-02-24 00:30:24.0"
"PRODDIAG","PRIMDIAG","PRIMDIA2","97","Other neurological disorder(s) (specify)","2013-02-24 00:30:24.0"
"PRODDIAG","PSLVL2","PSLVL2","1","Motor abnormalities are PS (90-100%)","2013-02-24 00:30:24.0"
"PRODDIAG","PSLVL2","PSLVL2","2","Motor abnormalities likely PS (70-89%)","2013-02-24 00:30:24.0"
"PRODDIAG","PSLVL2","PSLVL2","3","Motor abnormalities may be PS (50-69%)","2013-02-24 00:30:24.0"
"PRODDIAG","PSLVL2","PSLVL2","4","Non-specific motor abnormalities(25-49%)","2013-02-24 00:30:24.0"
"PRODDIAG","PSLVL2","PSLVL2","5","No evidence of park. motor signs (0-24%)","2013-02-24 00:30:24.0"
"SCREEN","APPRDX","APPRDX","4","Prodromal","2013-02-24 00:30:24.0"
"SCREEN","P3GRP","P3GRP","1","Hyposmia","2013-02-24 00:30:24.0"
"SCREEN","P3GRP","P3GRP","2","RBD","2013-02-24 00:30:24.0"
"SCREEN","P3GRP","P3GRP","3","LRRK2","2013-02-24 00:30:24.0"
"DATSCAN","VSRPTELG","ELIGIBLE","1","Eligible","2013-12-29 00:30:29.0"
"DATSCAN","VSRPTELG","ELIGIBLE","2","Not eligible","2013-12-29 00:30:29.0"
"ALL","EVENT_ID","EVENT_ID","GMU","Genetic Testing","2014-01-19 00:30:31.0"
"ALL","EVENT_ID","EVENT_ID","T18","Telephone Contact (Month 18)","2014-01-19 00:30:31.0"
"ALL","EVENT_ID","EVENT_ID","T21","Telephone Contact (Month 21)","2014-01-19 00:30:31.0"
"ALL","EVENT_ID","EVENT_ID","T24","Telephone Contact (Month 24)","2014-01-19 00:30:31.0"
"ALL","EVENT_ID","EVENT_ID","T27","Telephone Contact (Month 27)","2014-01-19 00:30:31.0"
"ALL","EVENT_ID","EVENT_ID","T30","Telephone Contact (Month 30)","2014-01-19 00:30:31.0"
"ALL","EVENT_ID","EVENT_ID","T33","Telephone Contact (Month 33)","2014-01-19 00:30:31.0"
"ALL","EVENT_ID","EVENT_ID","T36","Telephone Contact (Month 36)","2014-01-19 00:30:31.0"
"ALL","EVENT_ID","EVENT_ID","T39","Telephone Contact (Month 39)","2014-01-19 00:30:31.0"
"ALL","EVENT_ID","EVENT_ID","T42","Telephone Contact (Month 42)","2014-01-19 00:30:31.0"
"ALL","EVENT_ID","EVENT_ID","T45","Telephone Contact (Month 45)","2014-01-19 00:30:31.0"
"ALL","EVENT_ID","EVENT_ID","T48","Telephone Contact (Month 48)","2014-01-19 00:30:31.0"
"ALL","EVENT_ID","EVENT_ID","T51","Telephone Contact (Month 51)","2014-01-19 00:30:31.0"
"ALL","EVENT_ID","EVENT_ID","T54","Telephone Contact (Month 54)","2014-01-19 00:30:31.0"
"ALL","EVENT_ID","EVENT_ID","T57","Telephone Contact (Month 57)","2014-01-19 00:30:31.0"
"ALL","EVENT_ID","EVENT_ID","T60","Telephone Contact (Month 60)","2014-01-19 00:30:31.0"
"ALL","EVENT_ID","EVENT_ID","TBL","Telephone Contact (BL)","2014-01-19 00:30:31.0"
"ALL","EVENT_ID","EVENT_ID","TSC","Telephone Contact (SC)","2014-01-19 00:30:31.0"
"CHNGCAT","CHNGAPDX","CHNGAPDX","5","Genetic Cohort - PD","2014-01-19 00:30:31.0"
"CHNGCAT","CHNGAPDX","CHNGAPDX","6","Genetic Cohort - Unaffected","2014-01-19 00:30:31.0"
"CHNGCAT","CHNGAPDX","CHNGAPDX","7","Genetic Registry - PD","2014-01-19 00:30:31.0"
"CHNGCAT","CHNGAPDX","CHNGAPDX","8","Genetic Registry - Unaffected","2014-01-19 00:30:31.0"
"CHNGCAT","CHNGFVIS","VIS","BL","Baseline","2014-01-19 00:30:31.0"
"CHNGCAT","CHNGFVIS","VIS","PW","Premature WD","2014-01-19 00:30:31.0"
"CHNGCAT","CHNGFVIS","VIS","SC","Screening","2014-01-19 00:30:31.0"
"CHNGCAT","CHNGFVIS","VIS","ST","ST","2014-01-19 00:30:31.0"
"CHNGCAT","CHNGFVIS","VIS","T06","Tel Month 6","2014-01-19 00:30:31.0"
"CHNGCAT","CHNGFVIS","VIS","T12","Tel Month 12","2014-01-19 00:30:31.0"
"CHNGCAT","CHNGFVIS","VIS","T15","Tel Month 15","2014-01-19 00:30:31.0"
"CHNGCAT","CHNGFVIS","VIS","T18","Tel Month 18","2014-01-19 00:30:31.0"
"CHNGCAT","CHNGFVIS","VIS","T21","Tel Month 21","2014-01-19 00:30:31.0"
"CHNGCAT","CHNGFVIS","VIS","T24","Tel Month 24","2014-01-19 00:30:31.0"
"CHNGCAT","CHNGFVIS","VIS","T27","Month 27","2014-01-19 00:30:31.0"
"CHNGCAT","CHNGFVIS","VIS","T30","Tel Month 30","2014-01-19 00:30:31.0"
"CHNGCAT","CHNGFVIS","VIS","T33","Tel Month 33","2014-01-19 00:30:31.0"
"CHNGCAT","CHNGFVIS","VIS","T36","Tel Month 36","2014-01-19 00:30:31.0"
"CHNGCAT","CHNGFVIS","VIS","T39","Tel Month 39","2014-01-19 00:30:31.0"
"CHNGCAT","CHNGFVIS","VIS","T42","Tel Month 42","2014-01-19 00:30:31.0"
"CHNGCAT","CHNGFVIS","VIS","T45","Tel Month 45","2014-01-19 00:30:31.0"
"CHNGCAT","CHNGFVIS","VIS","T48","Tel Month 48","2014-01-19 00:30:31.0"
"CHNGCAT","CHNGFVIS","VIS","T51","Tel Month 51","2014-01-19 00:30:31.0"
"CHNGCAT","CHNGFVIS","VIS","T54","Tel Month 54","2014-01-19 00:30:31.0"
"CHNGCAT","CHNGFVIS","VIS","T57","Tel Month 57","2014-01-19 00:30:31.0"
"CHNGCAT","CHNGFVIS","VIS","T60","Tel Month 60","2014-01-19 00:30:31.0"
"CHNGCAT","CHNGFVIS","VIS","TBL","Tel BL","2014-01-19 00:30:31.0"
"CHNGCAT","CHNGFVIS","VIS","TSC","Tel SC","2014-01-19 00:30:31.0"
"CHNGCAT","CHNGFVIS","VIS","U01","Unexpected 1","2014-01-19 00:30:31.0"
"CHNGCAT","CHNGFVIS","VIS","U02","Unexpected 2","2014-01-19 00:30:31.0"
"CHNGCAT","CHNGFVIS","VIS","U03","Unexpected 3","2014-01-19 00:30:31.0"
"CHNGCAT","CHNGFVIS","VIS","U04","Unexpected 4","2014-01-19 00:30:31.0"
"CHNGCAT","CHNGFVIS","VIS","V02","Month 6","2014-01-19 00:30:31.0"
"CHNGCAT","CHNGFVIS","VIS","V04","Month 12","2014-01-19 00:30:31.0"
"CHNGCAT","CHNGFVIS","VIS","V05","Month 18","2014-01-19 00:30:31.0"
"CHNGCAT","CHNGFVIS","VIS","V06","Month 24","2014-01-19 00:30:31.0"
"CHNGCAT","CHNGFVIS","VIS","V07","Month 30","2014-01-19 00:30:31.0"
"CHNGCAT","CHNGFVIS","VIS","V08","Month 36","2014-01-19 00:30:31.0"
"CHNGCAT","CHNGFVIS","VIS","V09","Month 42","2014-01-19 00:30:31.0"
"CHNGCAT","CHNGFVIS","VIS","V10","Month 48","2014-01-19 00:30:31.0"
"CHNGCAT","CHNGFVIS","VIS","V11","Month 54","2014-01-19 00:30:31.0"
"CHNGCAT","CHNGFVIS","VIS","V12","Month 60","2014-01-19 00:30:31.0"
"DIAGREV","SHLDUNSV","YN","0","No","2014-01-19 00:30:31.0"
"DIAGREV","SHLDUNSV","YN","1","Yes","2014-01-19 00:30:31.0"
"DIAGREV","WILLUNSV","YN","0","No","2014-01-19 00:30:31.0"
"DIAGREV","WILLUNSV","YN","1","Yes","2014-01-19 00:30:31.0"
"GENCOUNS","GENCNSPP","GENCNSPP","1","Prior to genetic testing","2014-01-19 00:30:31.0"
"GENCOUNS","GENCNSPP","GENCNSPP","2","Post genetic testing","2014-01-19 00:30:31.0"
"GENCOUNS","GENCOUNS","YN","0","No","2014-01-19 00:30:31.0"
"GENCOUNS","GENCOUNS","YN","1","Yes","2014-01-19 00:30:31.0"
"INEX","INEX14","YN","0","No","2014-01-19 00:30:31.0"
"INEX","INEX14","YN","1","Yes","2014-01-19 00:30:31.0"
"INEX","INEX15","YN","0","No","2014-01-19 00:30:31.0"
"INEX","INEX15","YN","1","Yes","2014-01-19 00:30:31.0"
"INEX","INEX16","YN","0","No","2014-01-19 00:30:31.0"
"INEX","INEX16","YN","1","Yes","2014-01-19 00:30:31.0"
"INEX","INEX17","YN","0","No","2014-01-19 00:30:31.0"
"INEX","INEX17","YN","1","Yes","2014-01-19 00:30:31.0"
"INEX","INEX40","YN","0","No","2014-01-19 00:30:31.0"
"INEX","INEX40","YN","1","Yes","2014-01-19 00:30:31.0"
"MUTASGN","ASGNCAT","RSLTAPDX","0","Excluded","2014-01-19 00:30:31.0"
"MUTASGN","ASGNCAT","RSLTAPDX","5","Genetic Cohort - PD","2014-01-19 00:30:31.0"
"MUTASGN","ASGNCAT","RSLTAPDX","6","Genetic Cohort - Unaffected","2014-01-19 00:30:31.0"
"MUTASGN","ASGNCAT","RSLTAPDX","7","Genetic Registry - PD","2014-01-19 00:30:31.0"
"MUTASGN","ASGNCAT","RSLTAPDX","8","Genetic Registry - Unaffected","2014-01-19 00:30:31.0"
"MUTRSLT","GENECAT","GENECAT","1","LRRK2","2014-01-19 00:30:31.0"
"MUTRSLT","GENECAT","GENECAT","2","SNCA","2014-01-19 00:30:31.0"
"MUTRSLT","LRRKCD","LRRKCD","1","G2019S","2014-01-19 00:30:31.0"
"MUTRSLT","LRRKCD","LRRKCD","2","R1441C","2014-01-19 00:30:31.0"
"MUTRSLT","LRRKCD","LRRKCD","3","R1441G","2014-01-19 00:30:31.0"
"MUTRSLT","LRRKCD","LRRKCD","4","Y1699C","2014-01-19 00:30:31.0"
"MUTRSLT","LRRKCD","LRRKCD","5","I2020T","2014-01-19 00:30:31.0"
"MUTRSLT","MUTRSLT","POSNEG01","0","Negative","2014-01-19 00:30:31.0"
"MUTRSLT","MUTRSLT","POSNEG01","1","Positive","2014-01-19 00:30:31.0"
"MUTRSLT","SNCACD","SNCACD","1","Ala53Thr","2014-01-19 00:30:31.0"
"MUTRSLT","SNCACD","SNCACD","2","Ala30Pro","2014-01-19 00:30:31.0"
"MUTTEST","GENDER","GENDCHP","0","Female of child bearing potential","2014-01-19 00:30:31.0"
"MUTTEST","GENDER","GENDCHP","1","Female of non-child bearing potential","2014-01-19 00:30:31.0"
"MUTTEST","GENDER","GENDCHP","2","Male","2014-01-19 00:30:31.0"
"MUTTEST","KNOWRSLT","YN","0","No","2014-01-19 00:30:31.0"
"MUTTEST","KNOWRSLT","YN","1","Yes","2014-01-19 00:30:31.0"
"MUTTEST","PDUNAFF","PDUNAFF","1","PD","2014-01-19 00:30:31.0"
"MUTTEST","PDUNAFF","PDUNAFF","2","Unaffected","2014-01-19 00:30:31.0"
"MUTTEST","PRVGNTST","YN","0","No","2014-01-19 00:30:31.0"
"MUTTEST","PRVGNTST","YN","1","Yes","2014-01-19 00:30:31.0"
"MUTTEST","REL1DPRT","YN","0","No","2014-01-19 00:30:31.0"
"MUTTEST","REL1DPRT","YN","1","Yes","2014-01-19 00:30:31.0"
"MUTTEST","RL1DLRRK","YN","0","No","2014-01-19 00:30:31.0"
"MUTTEST","RL1DLRRK","YN","1","Yes","2014-01-19 00:30:31.0"
"MUTTEST","RL1DSNCA","YN","0","No","2014-01-19 00:30:31.0"
"MUTTEST","RL1DSNCA","YN","1","Yes","2014-01-19 00:30:31.0"
"MUTTEST","RSLTXFR","YN","0","No","2014-01-19 00:30:31.0"
"MUTTEST","RSLTXFR","YN","1","Yes","2014-01-19 00:30:31.0"
"MUTTEST","TSTSITEA","TSTSITEA","1","MGH","2014-01-19 00:30:31.0"
"MUTTEST","TSTSITEA","TSTSITEA","2","23andMe","2014-01-19 00:30:31.0"
"MUTTEST","TSTSITEA","TSTSITEA","3","Other","2014-01-19 00:30:31.0"
"MUTTEST","TSTSITEB","TSTSITEB","1","MGH","2014-01-19 00:30:31.0"
"MUTTEST","TSTSITEB","TSTSITEB","2","Other, specify","2014-01-19 00:30:31.0"
"OPTCNSNT","FUTRCNT","OPTCNSNT","1","Initial Consent","2014-01-19 00:30:31.0"
"OPTCNSNT","FUTRCNT","OPTCNSNT","2","Continued Consent","2014-01-19 00:30:31.0"
"OPTCNSNT","FUTRCNT","OPTCNSNT","3","Declined Participation","2014-01-19 00:30:31.0"
"OPTCNSNT","FUTRCNT","OPTCNSNT","4","Withdrew Consent","2014-01-19 00:30:31.0"
"PREGNANC","CRLACTAT","YN","0","No","2014-01-19 00:30:31.0"
"PREGNANC","CRLACTAT","YN","1","Yes","2014-01-19 00:30:31.0"
"PREGNANC","PREGSPRI","YNNA","0","No","2014-01-19 00:30:31.0"
"PREGNANC","PREGSPRI","YNNA","1","Yes","2014-01-19 00:30:31.0"
"PREGNANC","PREGSPRI","YNNA","N","Not Applicable","2014-01-19 00:30:31.0"
"SCREEN","APPRDX","APPRDX","5","Genetic Cohort - PD","2014-01-19 00:30:32.0"
"SCREEN","APPRDX","APPRDX","6","Genetic Cohort - Unaffected","2014-01-19 00:30:32.0"
"SCREEN","APPRDX","APPRDX","7","Genetic Registry - PD","2014-01-19 00:30:32.0"
"SCREEN","APPRDX","APPRDX","8","Genetic Registry - Unaffected","2014-01-19 00:30:32.0"
"VISSTAT","ASSESCMP","YN","0","No","2014-01-19 00:30:32.0"
"VISSTAT","ASSESCMP","YN","1","Yes","2014-01-19 00:30:32.0"
"VISSTAT","ASSESTYP","ASSESTYP","1","In person","2014-01-19 00:30:32.0"
"VISSTAT","ASSESTYP","ASSESTYP","2","By phone","2014-01-19 00:30:32.0"
"VISSTAT","CGASTYP","ASSESTYP","1","In person","2014-01-19 00:30:32.0"
"VISSTAT","CGASTYP","ASSESTYP","2","By phone","2014-01-19 00:30:32.0"
"VISSTAT","CGINPUT","YN","0","No","2014-01-19 00:30:32.0"
"VISSTAT","CGINPUT","YN","1","Yes","2014-01-19 00:30:32.0"
"VISSTAT","EXCMEDYN","YN","0","No","2014-01-19 00:30:32.0"
"VISSTAT","EXCMEDYN","YN","1","Yes","2014-01-19 00:30:32.0"
"VISSTAT","LGAE2","LGEVENT","1","Updated log at this visit","2014-01-19 00:30:32.0"
"VISSTAT","LGAE2","LGEVENT","2","No data updates, log not blank","2014-01-19 00:30:32.0"
"VISSTAT","LGAE2","LGEVENT","3","No events reported, log is blank","2014-01-19 00:30:32.0"
"VISSTAT","LGCMED2","LGCMED","1","Updated log at this visit","2014-01-19 00:30:32.0"
"VISSTAT","LGCMED2","LGCMED","2","No data updates, log not blank","2014-01-19 00:30:32.0"
"VISSTAT","LGCMED2","LGCMED","3","No con meds reported, log is blank","2014-01-19 00:30:32.0"
"VISSTAT","LGCONDTN","LGCONDTN","1","Updated log at this visit","2014-01-19 00:30:32.0"
"VISSTAT","LGCONDTN","LGCONDTN","2","No data updates, log not blank","2014-01-19 00:30:32.0"
"VISSTAT","LGCONDTN","LGCONDTN","3","No med conditions reported, log is blank","2014-01-19 00:30:32.0"
"VISSTAT","LGFAMHX","LGFAMHX","1","Updated log at this visit","2014-01-19 00:30:32.0"
"VISSTAT","LGFAMHX","LGFAMHX","2","No data updates, log not blank","2014-01-19 00:30:32.0"
"VISSTAT","LGFAMHX","LGFAMHX","3","No family history reported, log is blank","2014-01-19 00:30:32.0"
"VISSTAT","VISCMPLT","YN","0","No","2014-01-19 00:30:32.0"
"VISSTAT","VISCMPLT","YN","1","Yes","2014-01-19 00:30:32.0"
"VISSTAT","VISMSRSN","VISMSRSN","1","Scheduling issue with the subject","2014-01-19 00:30:32.0"
"VISSTAT","VISMSRSN","VISMSRSN","10","Other (specify)","2014-01-19 00:30:32.0"
"VISSTAT","VISMSRSN","VISMSRSN","11","Institutionalized","2014-01-19 00:30:32.0"
"VISSTAT","VISMSRSN","VISMSRSN","13","Replaced by Symptomatic Therapy Visit","2014-01-19 00:30:32.0"
"VISSTAT","VISMSRSN","VISMSRSN","2","Scheduling issue with the staff.","2014-01-19 00:30:32.0"
"VISSTAT","VISMSRSN","VISMSRSN","3","Family / Social issues with the subject.","2014-01-19 00:30:32.0"
"VISSTAT","VISMSRSN","VISMSRSN","4","Subject did not return phone calls","2014-01-19 00:30:32.0"
"VISSTAT","VISMSRSN","VISMSRSN","5","Travel Distance","2014-01-19 00:30:32.0"
"VISSTAT","VISMSRSN","VISMSRSN","6","Medical Problems","2014-01-19 00:30:32.0"
"VISSTAT","VISMSRSN","VISMSRSN","7","Military Duty","2014-01-19 00:30:32.0"
"VISSTAT","VISMSRSN","VISMSRSN","8","Financial Issues","2014-01-19 00:30:32.0"
"VISSTAT","VISMSRSN","VISMSRSN","9","Lost to Follow up","2014-01-19 00:30:32.0"
"VISSTAT","VSBYCOCO","YN","0","No","2014-01-19 00:30:32.0"
"VISSTAT","VSBYCOCO","YN","1","Yes","2014-01-19 00:30:32.0"
"VISSTAT","VSBYCOOR","YN","0","No","2014-01-19 00:30:32.0"
"VISSTAT","VSBYCOOR","YN","1","Yes","2014-01-19 00:30:32.0"
"VISSTAT","VSBYINV","YN","0","No","2014-01-19 00:30:32.0"
"VISSTAT","VSBYINV","YN","1","Yes","2014-01-19 00:30:32.0"
"VISSTAT","VSBYSUBI","YN","0","No","2014-01-19 00:30:32.0"
"VISSTAT","VSBYSUBI","YN","1","Yes","2014-01-19 00:30:32.0"
